Familyname,appname,android.permission.INTERNET,android.permission.ACCESS_NETWORK_STATE,android.permission.READ_PHONE_STATE,android.permission.WAKE_LOCK,android.permission.RECEIVE_BOOT_COMPLETED,android.permission.GET_ACCOUNTS,android.permission.ACCESS_COARSE_LOCATION,android.permission.SEND_SMS,android.permission.READ_SMS,android.permission.GET_TASKS,android.permission.CHANGE_WIFI_STATE,android.permission.WRITE_SETTINGS,android.permission.CAMERA,android.permission.CALL_PHONE,android.permission.WRITE_SMS,android.permission.WRITE_CONTACTS,android.permission.MANAGE_ACCOUNTS,android.permission.USE_CREDENTIALS,android.permission.READ_HISTORY_BOOKMARKS,android.permission.CHANGE_NETWORK_STATE,android.permission.RECORD_AUDIO,android.permission.READ_SYNC_SETTINGS,android.permission.RESTART_PACKAGES,android.permission.WRITE_HISTORY_BOOKMARKS
Pjapps,Pjapps55.xml,1,1,1,0,1,0,1,1,1,0,0,1,0,0,1,1,0,0,0,1,0,0,0,0
GoldDream,GoldDream18.xml,1,1,1,0,1,0,1,1,1,0,0,0,0,1,0,0,0,0,0,0,0,0,0,0
Pjapps,Pjapps2.xml,1,1,1,0,0,0,0,1,0,0,0,0,0,0,0,0,0,0,0,0,0,0,0,0
DroidKungFu3,DroidKungFu392.xml,1,1,1,0,0,0,1,0,1,1,1,0,0,0,1,0,0,0,0,0,0,0,0,0
BaseBridge,BaseBridge92.xml,1,1,1,0,0,0,0,0,1,0,0,0,0,0,1,1,0,0,0,0,0,0,0,0
DroidKungFu3,DroidKungFu3212.xml,1,1,1,0,1,0,1,0,0,1,1,0,0,0,0,0,0,0,0,0,0,0,0,0
DroidKungFu3,DroidKungFu3167.xml,1,1,1,0,1,0,1,0,1,1,1,0,0,0,1,0,0,0,0,0,0,0,0,0
DroidKungFu3,DroidKungFu3100.xml,1,1,1,0,1,0,1,0,1,0,1,0,0,0,1,0,0,0,0,0,0,0,0,0
DroidKungFu3,DroidKungFu3255.xml,1,1,1,0,1,1,1,0,1,0,1,0,0,0,1,0,0,0,0,0,0,0,0,0
AnserverBot,AnserverBot94.xml,1,1,1,1,1,0,0,1,1,0,0,0,0,1,1,1,0,0,0,0,0,0,1,0
DroidKungFu3,DroidKungFu344.xml,1,1,1,0,1,0,0,0,0,0,1,0,0,0,0,0,0,0,0,0,0,0,0,0
DroidKungFu4,DroidKungFu433.xml,1,1,1,0,0,0,1,0,1,0,0,0,0,0,1,0,0,0,0,0,0,0,0,0
BeanBot,BeanBot8.xml,1,1,1,1,0,0,0,0,1,0,0,0,0,1,0,0,0,0,0,0,0,0,0,0
DroidKungFu3,DroidKungFu3298.xml,1,1,1,0,1,0,0,0,0,1,1,0,0,0,0,0,0,0,0,0,0,0,0,0
SndApps,SndApps4.xml,1,0,1,0,1,1,0,0,0,0,0,1,1,0,0,0,0,0,0,0,0,0,0,0
DroidKungFu3,DroidKungFu3296.xml,1,1,1,0,0,0,1,0,1,1,1,0,0,0,1,0,0,0,0,0,0,0,0,0
AnserverBot,AnserverBot167.xml,1,1,1,1,1,0,0,1,1,0,0,0,0,1,1,1,0,0,0,0,0,0,1,0
Pjapps,Pjapps10.xml,1,1,1,1,1,0,1,1,1,0,0,1,0,0,1,1,0,0,0,1,0,0,1,0
Gone60,Gone601.xml,1,0,0,0,0,0,0,0,1,0,0,0,0,0,0,0,0,0,0,0,0,0,0,0
BaseBridge,BaseBridge86.xml,1,1,1,1,1,0,0,1,1,0,0,0,0,1,1,1,0,0,0,0,0,0,1,0
DroidKungFu3,DroidKungFu3264.xml,1,1,1,0,1,0,0,0,0,1,1,0,0,0,0,0,0,0,0,0,0,0,0,0
DroidKungFu3,DroidKungFu31.xml,1,1,1,0,1,0,1,0,1,0,1,0,0,0,1,0,0,0,0,0,0,0,0,0
DroidKungFu3,DroidKungFu341.xml,1,1,1,0,1,0,0,0,0,1,1,0,0,0,0,0,0,0,0,0,0,0,0,0
AnserverBot,AnserverBot49.xml,1,1,1,1,1,0,0,1,1,0,0,0,0,1,1,1,0,0,0,0,0,0,1,0
Geinimi,Geinimi7.xml,1,0,1,0,0,0,1,1,1,0,0,0,0,1,0,1,0,0,0,0,0,0,0,0
AnserverBot,AnserverBot61.xml,1,1,1,1,1,0,0,1,1,0,0,0,0,1,1,1,0,0,0,0,0,0,1,0
DroidKungFu4,DroidKungFu420.xml,1,1,1,0,0,0,1,0,1,0,0,0,0,0,1,0,0,0,0,0,0,0,0,0
DroidKungFu4,DroidKungFu456.xml,1,1,1,0,0,0,1,0,1,0,0,0,0,0,1,0,0,0,0,0,0,0,0,0
DroidKungFu3,DroidKungFu334.xml,1,1,1,0,1,0,1,0,1,0,1,0,0,1,1,0,0,0,0,0,0,0,0,0
DroidKungFu3,DroidKungFu3270.xml,1,1,1,0,1,1,1,0,0,0,1,0,0,0,0,0,0,0,0,0,0,0,0,0
DroidKungFu3,DroidKungFu35.xml,1,1,1,0,0,0,1,0,0,0,0,0,0,0,0,0,0,0,0,0,0,0,0,0
BaseBridge,BaseBridge88.xml,1,1,1,1,1,0,0,1,1,0,0,0,0,1,1,1,0,0,0,0,0,0,1,0
AnserverBot,AnserverBot174.xml,1,1,1,1,1,0,0,1,1,0,0,0,0,1,1,1,0,0,0,0,0,0,1,0
DroidKungFu3,DroidKungFu3231.xml,1,1,1,0,1,0,0,0,0,0,1,0,0,0,0,0,0,0,0,0,0,0,0,0
SndApps,SndApps7.xml,1,0,1,0,1,1,0,0,0,0,0,0,0,0,0,0,0,0,0,0,0,0,0,0
AnserverBot,AnserverBot187.xml,1,1,1,1,1,0,0,1,1,0,0,0,0,1,1,1,0,0,0,0,0,0,1,0
BaseBridge,BaseBridge120.xml,0,0,0,0,0,0,0,0,0,0,0,0,0,0,0,0,0,0,0,0,0,0,0,0
DroidKungFu3,DroidKungFu376.xml,1,1,1,0,1,0,0,0,0,1,1,0,0,0,0,0,0,0,0,0,0,0,0,0
AnserverBot,AnserverBot32.xml,1,1,1,1,1,0,0,1,1,0,0,0,0,1,1,1,0,0,0,0,0,0,1,0
AnserverBot,AnserverBot63.xml,1,1,1,1,1,0,0,1,1,0,0,0,0,1,1,1,0,0,0,0,0,0,1,0
DroidDreamLight,DroidDreamLight21.xml,1,1,1,0,1,1,0,0,1,0,0,0,0,0,0,0,0,0,0,0,0,0,0,0
DroidKungFu4,DroidKungFu484.xml,1,1,1,0,0,0,1,0,1,0,0,0,0,0,1,0,0,0,0,0,0,0,0,0
DroidKungFu3,DroidKungFu3219.xml,1,1,1,0,1,0,0,1,0,1,1,0,0,0,0,0,0,0,0,0,0,0,0,0
AnserverBot,AnserverBot149.xml,1,1,1,1,1,0,0,1,1,0,0,0,0,1,1,1,0,0,0,0,0,0,1,0
BeanBot,BeanBot6.xml,1,1,1,1,0,0,0,0,1,0,0,0,0,1,0,0,0,0,0,0,0,0,0,0
AnserverBot,AnserverBot137.xml,1,1,1,1,1,0,0,1,1,0,0,0,0,1,1,1,0,0,0,0,0,0,1,0
DroidDreamLight,DroidDreamLight4.xml,1,1,1,0,1,1,0,0,1,0,0,0,0,0,0,0,0,0,0,0,0,0,0,0
DroidKungFu3,DroidKungFu3107.xml,1,1,1,0,0,0,1,0,1,1,1,0,0,0,1,0,0,0,0,0,0,0,0,0
DroidDream,DroidDream1.xml,1,0,1,0,1,0,0,0,0,0,1,0,0,0,0,0,0,0,0,0,0,0,1,0
AnserverBot,AnserverBot178.xml,1,1,1,1,1,0,0,1,1,0,0,0,0,1,1,1,0,0,0,0,0,0,1,0
DroidKungFu3,DroidKungFu3263.xml,1,1,1,0,1,0,0,0,0,0,1,0,0,0,0,0,0,0,0,0,0,0,0,0
BeanBot,BeanBot2.xml,1,1,1,1,0,0,0,1,1,0,0,0,0,1,1,0,0,0,0,0,0,0,0,0
KMin,KMin33.xml,1,1,1,0,0,0,0,1,1,1,0,1,0,1,1,0,0,0,0,0,0,0,0,0
Zsone,Zsone7.xml,1,0,0,0,0,0,1,1,0,0,0,0,0,0,0,0,0,0,0,0,0,0,1,0
DroidKungFu2,DroidKungFu228.xml,1,0,1,0,0,0,0,0,0,0,1,0,0,0,0,0,0,0,0,0,0,0,0,0
DroidKungFu4,DroidKungFu435.xml,1,1,1,1,0,0,1,0,1,0,0,0,0,0,1,0,0,0,0,0,0,0,1,0
BaseBridge,BaseBridge13.xml,1,1,1,0,0,0,0,0,1,0,0,0,0,0,1,1,0,0,0,0,0,0,0,0
GoldDream,GoldDream5.xml,1,1,1,0,1,0,1,1,1,0,0,0,0,1,0,0,0,0,0,0,0,0,0,0
DroidKungFu3,DroidKungFu3245.xml,1,1,1,0,1,0,1,0,0,1,1,0,0,0,0,0,0,0,0,0,0,0,0,0
DroidKungFu3,DroidKungFu3252.xml,1,1,1,0,1,0,1,0,0,0,1,0,0,0,0,0,0,0,0,0,0,0,0,0
AnserverBot,AnserverBot185.xml,1,1,1,1,1,0,0,1,1,0,0,0,0,1,1,1,0,0,0,0,0,0,1,0
DroidKungFu4,DroidKungFu411.xml,1,1,1,1,0,0,1,0,1,0,0,0,0,0,1,0,0,0,0,0,0,0,0,0
KMin,KMin12.xml,1,1,1,0,0,0,0,1,1,1,0,1,0,1,1,0,0,0,0,0,0,0,0,0
DroidKungFu2,DroidKungFu212.xml,1,1,1,0,0,0,1,0,0,0,1,0,0,0,0,0,0,0,0,0,0,0,0,0
AnserverBot,AnserverBot119.xml,1,1,1,1,1,0,0,1,1,0,0,0,0,1,1,1,0,0,0,0,0,0,1,0
AnserverBot,AnserverBot5.xml,1,1,1,1,1,0,1,1,1,0,0,0,1,1,1,1,0,0,0,0,1,0,1,0
AnserverBot,AnserverBot129.xml,1,1,1,1,1,0,0,1,1,0,0,0,0,1,1,1,0,0,0,0,0,0,1,0
DroidKungFu4,DroidKungFu437.xml,1,1,1,1,0,0,1,0,1,1,0,0,0,0,1,0,0,0,0,0,0,0,0,0
Geinimi,Geinimi51.xml,1,0,1,0,0,0,1,1,1,0,0,0,0,1,1,1,0,0,0,0,0,0,1,0
DroidKungFu3,DroidKungFu326.xml,1,1,1,0,0,0,1,0,1,1,1,0,0,0,1,0,0,0,0,0,0,0,0,0
DroidKungFu3,DroidKungFu3266.xml,1,1,1,0,0,0,1,1,1,1,1,0,0,0,1,0,0,0,0,0,0,0,0,0
zHash,zHash6.xml,1,1,1,0,0,0,0,1,1,0,1,0,0,1,1,0,0,0,0,1,0,0,0,0
AnserverBot,AnserverBot27.xml,1,1,1,1,1,0,0,1,1,0,0,0,0,1,1,1,0,0,0,0,0,0,1,0
BaseBridge,BaseBridge9.xml,1,1,1,1,1,0,0,1,1,0,0,0,0,1,1,1,0,0,0,0,0,0,1,0
AnserverBot,AnserverBot23.xml,1,1,1,1,1,0,0,1,1,0,0,0,0,1,1,1,0,0,0,0,0,0,1,0
Gone60,Gone608.xml,1,0,0,0,0,0,0,0,1,0,0,0,0,0,0,0,0,0,0,0,0,0,0,0
DroidDreamLight,DroidDreamLight9.xml,1,1,1,0,1,1,0,0,1,0,0,0,0,0,0,0,0,0,0,0,0,0,0,0
DroidKungFu3,DroidKungFu3126.xml,1,1,1,0,1,0,0,1,0,1,1,0,0,0,0,0,0,0,0,0,0,0,0,0
DroidDreamLight,DroidDreamLight40.xml,1,0,1,0,0,0,0,0,0,0,0,0,0,0,0,0,0,0,0,0,0,0,0,0
DroidKungFu4,DroidKungFu463.xml,1,1,1,0,0,0,1,0,1,0,0,0,0,0,1,0,0,0,0,0,0,0,0,0
DroidKungFu3,DroidKungFu3286.xml,1,0,1,1,1,0,0,0,0,0,1,0,0,0,0,0,0,0,0,0,0,0,0,0
zHash,zHash8.xml,1,1,1,1,1,0,0,1,1,1,1,0,0,1,1,0,0,0,0,1,0,0,0,0
BaseBridge,BaseBridge18.xml,1,1,1,1,1,0,0,1,1,0,0,0,0,1,1,1,0,0,0,0,0,0,1,0
DroidKungFu3,DroidKungFu373.xml,1,1,1,0,0,0,1,0,1,1,1,0,0,0,1,0,0,0,0,0,0,0,0,0
AnserverBot,AnserverBot11.xml,1,1,1,1,1,0,0,1,1,0,0,0,0,1,1,1,0,0,0,0,0,0,1,0
ADRD,ADRD4.xml,1,1,1,0,1,0,0,1,1,0,0,0,0,0,1,0,0,0,0,0,0,0,0,0
DroidKungFu3,DroidKungFu3133.xml,1,1,1,1,1,0,0,0,0,0,1,0,0,0,0,0,0,0,0,0,0,0,0,0
DroidKungFu3,DroidKungFu333.xml,1,1,1,1,1,0,0,0,0,0,1,0,0,0,0,0,0,0,0,0,0,0,0,0
Geinimi,Geinimi54.xml,1,0,1,0,0,0,1,1,1,0,0,0,0,1,0,1,0,0,0,0,0,0,0,0
DroidDreamLight,DroidDreamLight37.xml,1,0,1,1,0,0,0,0,1,0,0,0,0,0,1,0,0,0,0,0,0,0,0,0
DroidKungFu3,DroidKungFu382.xml,1,1,1,0,1,0,1,0,1,0,1,0,0,0,1,0,0,0,0,0,0,0,0,0
DroidKungFu3,DroidKungFu3244.xml,1,1,1,1,0,0,1,0,1,0,1,0,0,0,1,0,0,0,0,1,0,0,0,0
DroidKungFu4,DroidKungFu481.xml,1,1,1,1,0,0,1,0,1,0,0,0,0,0,1,0,0,0,0,0,0,0,0,0
AnserverBot,AnserverBot66.xml,1,1,1,1,1,0,0,1,1,0,0,0,0,1,1,1,0,0,0,0,0,0,1,0
AnserverBot,AnserverBot62.xml,1,1,1,1,1,0,0,1,1,0,0,0,0,1,1,1,0,0,0,0,0,0,1,0
AnserverBot,AnserverBot175.xml,1,1,1,1,1,0,0,1,1,0,0,0,0,1,1,1,0,0,0,0,0,0,1,0
AnserverBot,AnserverBot147.xml,1,1,1,1,1,0,0,1,1,0,0,0,0,1,1,1,0,0,0,0,0,0,1,0
BaseBridge,BaseBridge39.xml,1,1,0,0,0,0,0,0,1,0,0,0,0,0,1,1,0,0,0,0,0,0,0,0
AnserverBot,AnserverBot142.xml,1,1,1,1,1,0,0,1,1,0,0,0,0,1,1,1,0,0,0,0,0,0,1,0
DroidKungFu3,DroidKungFu388.xml,1,1,1,1,1,0,1,0,0,1,1,0,0,0,0,0,0,0,0,0,1,0,0,0
BaseBridge,BaseBridge122.xml,1,1,1,0,0,0,0,0,1,0,0,0,0,0,1,1,0,0,0,0,0,0,0,0
RogueSPPush,RogueSPPush9.xml,1,1,1,0,0,0,0,0,0,0,0,0,0,0,0,0,0,0,0,0,0,0,0,0
DroidDreamLight,DroidDreamLight18.xml,1,1,1,0,1,1,0,0,1,1,0,0,0,0,0,0,0,0,0,0,0,0,1,0
DroidDreamLight,DroidDreamLight19.xml,1,1,1,0,1,1,0,0,1,0,0,0,0,0,1,1,0,0,0,0,0,0,0,0
Geinimi,Geinimi26.xml,1,0,1,0,0,0,1,1,1,0,0,0,0,1,0,1,0,0,0,0,0,0,0,0
zHash,zHash4.xml,1,1,1,1,1,0,0,1,1,1,1,0,0,1,1,0,0,0,0,1,0,0,0,0
DroidKungFu3,DroidKungFu322.xml,1,1,1,0,1,0,1,0,1,0,1,0,0,1,1,0,0,0,0,0,0,0,0,0
DroidKungFu3,DroidKungFu351.xml,1,1,1,0,1,0,1,0,1,0,1,0,0,0,1,0,0,0,0,0,0,0,0,0
DroidKungFu3,DroidKungFu3147.xml,1,1,1,0,0,0,1,1,1,1,1,0,0,0,1,0,0,0,0,0,0,0,0,0
DroidKungFu3,DroidKungFu323.xml,1,1,1,0,0,0,1,0,1,0,1,0,0,0,1,0,0,0,0,0,0,0,0,0
DroidKungFu3,DroidKungFu3187.xml,1,1,1,0,0,0,1,0,1,1,1,0,0,0,1,0,0,0,0,0,0,0,0,0
AnserverBot,AnserverBot124.xml,1,1,1,1,1,0,0,1,1,0,0,0,0,1,1,1,0,0,0,0,0,0,1,0
DroidKungFu4,DroidKungFu466.xml,1,1,1,0,0,0,1,0,1,0,0,0,0,0,1,0,0,0,0,0,0,0,0,0
Zsone,Zsone6.xml,1,0,0,0,0,0,1,1,0,0,0,0,0,0,0,0,0,0,0,0,0,0,1,0
DroidKungFu1,DroidKungFu121.xml,1,1,1,1,1,0,0,0,0,0,1,0,0,0,0,0,0,0,0,0,0,0,0,0
DroidKungFu3,DroidKungFu3112.xml,1,1,1,0,1,0,0,0,0,0,1,0,0,0,0,0,0,0,0,0,0,0,0,0
DroidKungFu1,DroidKungFu17.xml,1,1,1,1,1,0,0,0,0,0,1,0,0,0,0,0,0,0,0,0,0,0,0,0
DroidDream,DroidDream3.xml,1,1,1,0,1,0,0,0,0,0,1,0,0,0,0,0,0,0,0,0,0,0,1,0
Pjapps,Pjapps57.xml,1,0,1,0,0,0,0,1,0,0,0,0,0,0,0,0,0,0,0,0,0,0,0,0
BaseBridge,BaseBridge111.xml,1,1,1,1,1,0,0,1,1,0,0,0,0,1,1,1,0,0,0,0,0,0,1,0
DroidKungFu1,DroidKungFu116.xml,1,1,1,0,0,0,0,0,0,0,1,0,0,0,0,0,0,0,0,0,0,0,1,0
DroidKungFu4,DroidKungFu476.xml,1,0,0,1,0,0,0,0,0,0,0,0,0,0,0,0,0,0,0,0,0,0,0,0
DroidKungFu4,DroidKungFu480.xml,1,1,1,0,0,0,1,0,1,0,0,0,0,0,1,0,0,0,0,0,0,0,1,0
DroidKungFu3,DroidKungFu331.xml,1,1,1,0,0,0,1,1,1,1,1,0,0,0,1,0,0,0,0,0,0,0,0,0
DroidKungFu3,DroidKungFu3142.xml,1,1,1,0,1,0,0,0,0,0,1,0,0,0,0,0,0,0,0,0,0,0,0,0
KMin,KMin7.xml,1,1,1,0,0,0,0,1,1,1,0,0,0,0,1,0,0,0,0,0,0,0,0,0
DroidKungFu3,DroidKungFu379.xml,1,1,1,0,0,0,1,0,1,1,1,0,0,0,1,0,0,0,0,0,0,0,0,0
Geinimi,Geinimi66.xml,1,1,1,0,0,0,1,1,1,0,0,0,0,1,1,1,0,0,0,0,0,0,1,0
AnserverBot,AnserverBot39.xml,1,1,1,1,1,0,0,1,1,0,0,0,0,1,1,1,0,0,0,0,0,0,1,0
BaseBridge,BaseBridge40.xml,1,1,1,0,0,0,0,0,1,0,0,0,0,0,1,1,0,0,0,0,0,0,0,0
DroidKungFu3,DroidKungFu3119.xml,1,1,1,0,1,0,0,0,0,0,1,0,0,0,0,0,0,0,0,0,0,0,0,0
DroidDream,DroidDream6.xml,1,1,1,0,0,0,0,0,0,0,1,0,0,0,0,1,0,0,0,0,0,0,0,0
DroidDream,DroidDream5.xml,1,0,1,0,0,0,0,0,0,0,1,0,0,0,0,0,0,0,0,0,0,0,0,0
zHash,zHash3.xml,1,1,1,1,1,0,0,1,1,1,1,0,0,1,1,0,0,0,0,1,0,0,0,0
BaseBridge,BaseBridge51.xml,1,1,1,0,0,0,0,1,1,0,0,0,0,0,1,1,0,0,0,0,0,0,0,0
DroidKungFu4,DroidKungFu493.xml,1,1,1,1,0,0,1,0,1,0,0,0,0,0,1,0,0,0,0,0,0,0,0,0
RogueSPPush,RogueSPPush8.xml,1,1,1,0,0,0,0,1,1,0,0,0,0,0,1,0,0,0,0,0,0,0,1,0
AnserverBot,AnserverBot46.xml,1,1,1,1,1,0,0,1,1,0,0,0,0,1,1,1,0,0,0,0,0,0,1,0
DroidKungFu3,DroidKungFu332.xml,1,1,1,0,0,0,1,0,1,1,1,0,0,0,1,0,0,0,0,0,0,0,0,0
DroidKungFu3,DroidKungFu3256.xml,1,1,1,0,1,0,1,0,1,1,1,0,0,0,1,0,0,0,0,0,0,0,0,0
BeanBot,BeanBot3.xml,1,1,1,1,0,0,0,0,1,0,0,0,0,1,1,0,0,0,0,0,0,0,0,0
DroidKungFu3,DroidKungFu357.xml,1,1,1,0,1,0,0,0,0,1,1,0,0,0,0,0,0,0,0,0,0,0,0,0
DroidKungFu3,DroidKungFu362.xml,1,1,1,0,1,0,0,0,0,0,1,0,0,0,0,0,0,0,0,0,0,0,0,0
BaseBridge,BaseBridge70.xml,1,1,1,1,1,0,0,1,1,0,0,0,0,1,1,1,0,0,0,0,0,0,1,0
DroidDreamLight,DroidDreamLight10.xml,1,1,1,0,1,1,0,0,1,0,0,0,0,0,0,0,0,0,0,0,0,0,0,0
AnserverBot,AnserverBot33.xml,1,1,1,1,1,0,0,1,1,0,0,0,0,1,1,1,0,0,0,0,0,0,1,0
Pjapps,Pjapps7.xml,1,1,1,1,1,0,1,1,1,0,0,1,0,0,1,1,0,0,0,1,0,0,1,0
AnserverBot,AnserverBot76.xml,1,1,1,1,1,0,0,1,1,0,0,0,0,1,1,1,0,0,0,0,0,0,1,0
DroidKungFu3,DroidKungFu3295.xml,1,1,1,0,0,0,1,0,1,1,1,0,0,0,1,0,0,0,0,0,0,0,0,0
KMin,KMin34.xml,1,1,1,0,0,0,0,1,1,1,0,1,0,1,1,0,0,0,0,0,0,0,0,0
GoldDream,GoldDream31.xml,1,1,1,0,1,0,0,0,1,0,0,0,0,0,0,0,0,0,0,0,0,0,0,0
YZHC,YZHC3.xml,1,1,1,0,1,0,0,1,1,0,0,0,0,1,1,0,0,0,0,0,0,0,1,0
DroidKungFu3,DroidKungFu3181.xml,1,1,1,1,0,0,1,0,0,0,0,0,0,0,0,0,0,0,0,0,0,0,0,0
ADRD,ADRD16.xml,1,1,1,0,1,0,1,0,0,0,0,0,0,0,0,0,0,0,0,0,0,0,0,0
DroidKungFu3,DroidKungFu352.xml,1,1,1,1,1,0,1,0,0,0,1,0,0,0,0,0,0,0,0,0,1,0,0,0
RogueSPPush,RogueSPPush7.xml,1,1,1,0,0,0,0,1,1,0,0,0,0,0,1,0,0,0,0,0,0,0,1,0
DroidDreamLight,DroidDreamLight44.xml,1,1,1,0,1,1,0,0,1,0,0,0,0,0,0,0,0,0,0,0,0,0,0,0
AnserverBot,AnserverBot98.xml,1,1,1,1,1,0,0,1,1,0,0,0,0,1,1,1,0,0,0,0,0,0,1,0
DroidKungFu1,DroidKungFu12.xml,1,1,1,0,0,0,0,0,0,0,1,0,0,0,0,0,0,0,0,0,0,0,0,0
Geinimi,Geinimi17.xml,1,1,1,0,0,0,1,1,1,0,0,0,0,1,1,1,0,0,0,0,0,0,1,0
DroidKungFu3,DroidKungFu384.xml,1,1,1,0,1,0,0,0,0,1,1,0,0,0,0,0,0,0,0,0,0,0,0,0
DroidKungFu3,DroidKungFu3278.xml,1,1,1,0,1,0,1,0,0,0,1,0,0,0,0,0,0,0,0,0,0,0,0,0
Geinimi,Geinimi61.xml,1,0,1,0,0,0,1,1,1,0,0,0,0,1,0,1,0,0,0,0,0,0,0,0
GingerMaster,GingerMaster4.xml,1,1,1,0,1,0,0,0,0,0,0,1,0,0,0,0,0,0,0,0,0,0,1,0
KMin,KMin6.xml,1,1,1,0,0,0,0,1,1,1,0,1,0,1,1,0,0,0,0,0,0,0,0,0
Asroot,Asroot1.xml,0,0,0,0,0,0,0,0,0,0,0,0,0,0,0,0,0,0,0,0,0,0,0,0
DroidKungFu3,DroidKungFu3132.xml,1,1,1,1,1,0,1,0,0,0,1,0,0,0,0,0,0,0,0,0,1,0,0,0
Pjapps,Pjapps18.xml,1,1,1,0,0,0,0,1,0,0,0,1,0,0,0,0,0,0,0,0,0,0,1,0
Pjapps,Pjapps14.xml,1,1,1,1,1,0,1,1,1,0,0,1,0,0,1,1,0,0,0,1,0,0,1,0
Geinimi,Geinimi14.xml,1,0,1,0,0,0,1,1,1,0,0,0,0,1,1,1,0,0,0,0,0,0,1,0
DroidKungFu2,DroidKungFu21.xml,1,0,1,0,0,0,0,0,0,0,0,0,0,0,0,0,0,0,0,0,0,0,0,0
DroidKungFu1,DroidKungFu134.xml,1,1,1,0,0,0,0,0,1,0,1,0,0,1,1,0,0,0,0,0,0,0,0,0
FakePlayer,FakePlayer4.xml,0,0,0,0,0,0,0,1,0,0,0,0,0,0,0,0,0,0,0,0,0,0,0,0
BaseBridge,BaseBridge109.xml,1,1,1,0,0,0,0,0,1,0,0,0,0,0,1,1,0,0,0,0,0,0,0,0
Geinimi,Geinimi29.xml,1,0,1,0,0,0,1,1,1,0,0,0,0,1,0,1,0,0,0,0,0,0,0,0
AnserverBot,AnserverBot64.xml,1,1,1,1,1,0,0,1,1,0,0,0,0,1,1,1,0,0,0,0,0,0,1,0
ADRD,ADRD22.xml,1,1,1,0,1,0,0,0,0,0,0,0,0,0,0,0,0,0,0,0,0,0,0,0
Pjapps,Pjapps41.xml,1,1,1,0,1,0,1,1,1,0,0,0,0,0,0,0,0,0,0,1,0,0,0,0
BaseBridge,BaseBridge45.xml,1,1,1,0,0,0,0,0,1,0,0,0,0,0,1,1,0,0,0,0,0,0,0,0
BaseBridge,BaseBridge110.xml,1,1,1,0,0,0,0,0,1,0,0,0,0,0,1,1,0,0,0,0,0,0,0,0
Pjapps,Pjapps35.xml,1,0,1,0,0,0,0,1,0,0,0,0,0,0,0,0,0,0,0,0,0,0,1,0
Tapsnake,Tapsnake2.xml,1,0,0,1,1,0,1,0,0,0,0,0,0,0,0,0,0,0,0,0,0,0,0,0
AnserverBot,AnserverBot52.xml,1,1,1,1,1,0,0,1,1,0,0,0,0,1,1,1,0,0,0,0,0,0,1,0
BaseBridge,BaseBridge68.xml,1,1,0,0,0,0,0,0,0,0,0,0,0,0,0,0,0,0,0,0,0,0,0,0
AnserverBot,AnserverBot84.xml,1,1,1,1,1,0,0,1,1,0,0,0,0,1,1,1,0,0,0,0,0,0,1,0
DroidKungFu3,DroidKungFu3145.xml,1,1,1,0,1,0,1,0,1,0,1,0,0,0,1,0,0,0,0,0,0,0,0,0
DroidKungFu2,DroidKungFu25.xml,1,0,1,0,0,0,0,0,0,0,1,0,0,0,0,0,0,0,0,0,0,0,0,0
SndApps,SndApps9.xml,1,0,1,1,1,1,0,0,0,0,0,0,0,0,0,0,0,0,0,0,0,0,0,0
DroidDeluxe,DroidDeluxe1.xml,1,1,0,0,0,1,0,0,0,0,0,0,0,0,0,0,0,0,0,0,0,0,0,0
Geinimi,Geinimi15.xml,1,0,1,0,0,0,1,1,1,0,0,0,0,1,0,1,0,0,0,0,0,0,0,0
BaseBridge,BaseBridge117.xml,1,1,1,1,0,0,1,0,0,0,0,1,0,0,0,1,0,0,0,0,0,0,0,0
KMin,KMin49.xml,1,1,1,0,0,0,0,1,1,1,0,1,0,1,1,0,0,0,0,0,0,0,0,0
NickySpy,NickySpy2.xml,1,0,1,1,0,0,1,0,1,0,0,0,0,1,1,1,0,0,0,0,1,0,0,0
Jifake,Jifake1.xml,1,0,0,0,0,0,0,1,0,0,0,0,0,0,0,0,0,0,0,0,0,0,0,0
DroidKungFu3,DroidKungFu312.xml,1,1,1,0,1,0,1,0,0,0,1,0,0,0,0,0,0,0,0,0,0,0,0,0
DroidKungFu4,DroidKungFu418.xml,1,0,0,1,0,0,0,0,0,0,0,0,0,0,0,0,0,0,0,0,0,0,0,0
DroidKungFu3,DroidKungFu3153.xml,1,1,1,0,1,0,1,0,1,0,1,0,0,0,1,0,0,0,0,0,0,0,0,0
BaseBridge,BaseBridge63.xml,1,1,1,1,1,0,0,1,1,0,0,0,0,1,1,1,0,0,0,0,0,0,1,0
DroidKungFu1,DroidKungFu119.xml,1,1,1,0,0,0,0,0,0,0,1,0,1,0,0,0,0,0,0,0,0,0,0,0
BaseBridge,BaseBridge53.xml,1,1,0,0,0,0,0,0,0,0,0,0,0,0,0,0,0,0,0,0,0,0,0,0
KMin,KMin36.xml,1,1,1,0,0,0,0,1,1,1,0,1,0,1,1,0,0,0,0,0,0,0,0,0
DroidKungFu3,DroidKungFu3129.xml,1,1,1,0,1,0,0,0,0,0,1,0,0,0,0,0,0,0,0,0,0,0,0,0
DroidKungFu3,DroidKungFu3282.xml,1,1,1,0,1,0,1,0,1,0,1,0,0,0,1,0,0,0,0,0,0,0,0,0
DroidKungFu3,DroidKungFu363.xml,1,1,1,0,1,0,0,0,0,1,1,0,0,0,0,0,0,0,0,0,0,0,0,0
AnserverBot,AnserverBot34.xml,1,1,1,1,1,0,0,1,1,0,0,0,0,1,1,1,0,0,0,0,0,0,1,0
Pjapps,Pjapps49.xml,1,0,1,0,0,0,0,1,0,0,0,0,0,0,0,0,0,0,0,0,1,0,0,0
DroidKungFu4,DroidKungFu483.xml,1,1,1,0,0,0,1,0,1,0,0,0,0,0,1,0,0,0,0,0,0,0,0,0
Geinimi,Geinimi27.xml,1,0,1,0,1,0,1,1,0,0,0,0,0,1,0,1,0,0,0,0,0,0,0,0
GoldDream,GoldDream34.xml,1,1,1,0,1,0,1,1,1,0,0,0,0,1,0,0,0,0,0,0,0,0,0,0
AnserverBot,AnserverBot73.xml,1,1,1,1,1,0,0,1,1,0,0,0,0,1,1,1,0,0,0,0,0,0,1,0
BeanBot,BeanBot5.xml,1,1,1,1,0,0,0,1,1,0,0,0,0,1,1,0,0,0,0,0,0,0,0,0
DroidKungFu1,DroidKungFu13.xml,1,1,1,1,1,0,0,0,0,0,1,0,0,0,0,0,0,0,0,0,0,0,0,0
DroidDreamLight,DroidDreamLight24.xml,1,1,1,0,1,1,0,0,1,0,0,0,0,0,1,1,0,0,0,0,0,0,0,0
Bgserv,Bgserv8.xml,1,1,1,1,1,0,1,1,0,0,0,0,0,0,0,0,0,0,0,1,0,0,0,0
Plankton,Plankton4.xml,1,0,1,0,0,0,0,0,0,0,0,0,0,0,0,0,0,0,0,0,1,0,0,0
DroidDreamLight,DroidDreamLight34.xml,1,0,1,0,0,0,0,0,0,0,0,0,0,0,0,0,0,0,0,0,0,0,0,0
DroidKungFu3,DroidKungFu386.xml,1,1,1,0,1,0,1,0,0,1,1,0,0,0,0,0,0,0,0,0,0,0,0,0
DroidKungFu3,DroidKungFu313.xml,1,1,1,0,1,0,0,0,0,0,1,0,0,0,0,0,0,0,0,0,0,0,0,0
jSMSHider,jSMSHider14.xml,1,1,1,0,0,0,1,0,0,0,0,1,0,0,0,0,0,0,0,0,0,0,0,0
AnserverBot,AnserverBot113.xml,1,1,1,1,1,0,0,1,1,0,0,0,0,1,1,1,0,0,0,0,0,0,1,0
AnserverBot,AnserverBot2.xml,1,1,1,1,1,0,0,1,1,0,0,0,0,1,1,1,0,0,0,0,0,0,1,0
AnserverBot,AnserverBot51.xml,1,1,1,1,1,0,0,1,1,0,0,0,0,1,1,1,0,0,0,0,0,0,1,0
SndApps,SndApps3.xml,1,0,1,0,1,1,0,0,0,0,0,0,0,0,0,0,0,0,0,0,0,0,0,0
Zsone,Zsone5.xml,1,0,0,0,0,0,1,1,0,0,0,0,0,0,0,0,0,0,0,0,0,0,1,0
DroidKungFu4,DroidKungFu421.xml,1,1,1,1,0,0,1,0,1,0,0,0,0,0,1,0,0,0,0,0,0,0,0,0
DroidKungFu4,DroidKungFu470.xml,1,1,1,0,0,0,1,0,1,0,0,0,0,0,1,0,0,0,0,0,0,0,0,0
Geinimi,Geinimi43.xml,1,0,1,0,0,0,1,1,1,0,0,0,0,1,0,1,0,0,0,0,0,0,0,0
DroidKungFu3,DroidKungFu3164.xml,1,1,1,0,0,0,1,0,1,0,1,0,0,1,1,0,0,0,0,0,0,0,0,0
BaseBridge,BaseBridge47.xml,1,1,1,1,1,0,0,1,1,0,0,0,0,1,1,1,0,0,0,0,0,0,1,0
DroidKungFu3,DroidKungFu3205.xml,1,1,1,1,0,0,1,0,1,1,1,0,0,0,1,0,0,0,0,0,0,0,0,0
GoldDream,GoldDream23.xml,1,1,1,1,0,0,1,0,1,1,0,0,0,0,0,0,0,0,0,0,0,0,0,0
DroidKungFu3,DroidKungFu311.xml,1,1,1,0,1,0,0,0,0,0,1,0,0,0,0,0,0,0,0,0,0,0,0,0
DroidDream,DroidDream16.xml,1,0,1,0,0,0,0,0,0,0,1,0,0,0,0,0,0,0,0,0,0,0,1,0
DroidDreamLight,DroidDreamLight36.xml,1,0,1,0,0,0,0,0,0,0,0,0,0,0,0,0,0,0,0,0,0,0,0,0
DroidKungFu3,DroidKungFu3273.xml,1,0,1,1,1,0,0,0,0,0,1,0,0,0,0,0,0,0,0,0,0,0,0,0
DroidKungFu3,DroidKungFu3237.xml,1,1,1,0,1,0,1,0,0,1,1,0,0,0,0,0,0,0,0,0,0,0,0,0
Plankton,Plankton8.xml,1,1,1,1,0,0,0,0,0,0,0,0,0,0,0,0,0,0,0,0,0,0,0,0
DroidKungFu3,DroidKungFu3227.xml,1,1,1,0,1,0,1,0,1,0,1,0,0,0,1,0,0,0,0,0,0,0,0,0
DroidKungFu2,DroidKungFu26.xml,1,1,1,0,0,0,0,0,0,0,1,0,0,0,0,0,0,0,0,0,0,0,0,0
DroidKungFu3,DroidKungFu3221.xml,1,1,1,0,1,0,0,0,0,0,1,0,0,0,0,0,0,0,0,0,0,0,0,0
DroidKungFu1,DroidKungFu114.xml,1,1,1,0,0,0,0,0,0,0,1,0,0,0,0,0,0,0,0,0,0,0,0,0
GoldDream,GoldDream43.xml,1,1,1,0,1,0,1,1,1,0,0,0,0,1,0,0,0,0,0,0,0,0,0,0
FakePlayer,FakePlayer2.xml,0,0,0,0,0,0,0,1,0,0,0,0,0,0,0,0,0,0,0,0,0,0,0,0
DroidKungFu3,DroidKungFu329.xml,1,1,1,0,1,0,0,0,0,0,1,0,0,0,0,0,0,0,0,0,0,0,0,0
BeanBot,BeanBot1.xml,1,1,1,1,0,0,0,0,1,0,0,0,0,1,0,0,0,0,0,0,0,0,0,0
AnserverBot,AnserverBot145.xml,1,1,1,1,1,0,0,1,1,0,0,0,0,1,1,1,0,0,0,0,0,0,1,0
AnserverBot,AnserverBot138.xml,1,1,1,1,1,0,0,1,1,0,0,0,0,1,1,1,0,0,0,0,0,0,1,0
DroidKungFu4,DroidKungFu415.xml,1,1,1,0,0,0,1,0,1,0,0,0,0,0,1,0,0,0,0,0,0,0,0,0
Pjapps,Pjapps40.xml,1,1,1,1,1,0,1,1,1,0,0,1,0,0,1,1,0,0,0,1,0,0,1,0
KMin,KMin45.xml,1,1,1,0,0,0,0,1,1,0,0,0,0,0,1,0,0,0,0,0,0,0,0,0
Geinimi,Geinimi22.xml,1,0,1,0,0,0,1,1,0,0,0,0,0,1,0,1,0,0,0,0,0,0,0,0
DroidKungFu3,DroidKungFu3217.xml,1,1,1,1,0,0,1,0,1,0,1,0,0,0,1,0,0,0,0,1,0,0,0,0
DroidKungFu3,DroidKungFu340.xml,1,1,1,0,1,0,1,0,1,0,1,0,0,0,1,0,0,0,0,0,0,0,0,0
DroidDreamLight,DroidDreamLight43.xml,1,1,1,0,1,1,0,0,1,1,0,0,0,0,0,0,0,0,0,0,0,0,1,0
BaseBridge,BaseBridge114.xml,1,1,1,0,0,0,0,0,1,0,0,0,0,0,1,1,0,0,0,0,0,0,0,0
AnserverBot,AnserverBot180.xml,1,1,1,1,1,0,0,1,1,0,0,0,0,1,1,1,0,0,0,0,0,0,1,0
AnserverBot,AnserverBot87.xml,1,1,1,1,1,0,0,1,1,0,0,0,0,1,1,1,0,0,0,0,0,0,1,0
BaseBridge,BaseBridge100.xml,1,1,1,0,0,0,0,0,1,0,0,0,0,0,1,1,0,0,0,0,0,0,0,0
DroidKungFu3,DroidKungFu3131.xml,1,1,1,0,0,0,1,0,1,1,1,0,0,0,1,0,0,0,0,0,0,0,0,0
DroidKungFu1,DroidKungFu120.xml,1,1,1,0,0,0,0,0,0,1,1,0,0,0,0,0,0,0,0,0,0,0,0,0
Plankton,Plankton3.xml,1,0,1,0,0,0,0,0,0,0,0,0,0,0,0,0,0,0,0,0,0,0,0,0
DroidKungFu3,DroidKungFu3215.xml,1,1,1,0,1,0,1,0,1,0,1,0,0,1,1,0,0,0,0,0,0,0,0,0
DroidKungFu4,DroidKungFu467.xml,1,1,1,1,0,0,1,0,1,0,0,0,0,0,1,0,0,0,0,0,0,0,0,0
Pjapps,Pjapps29.xml,1,1,1,1,1,0,1,1,1,0,0,1,0,0,1,1,0,0,0,1,0,0,1,0
Zitmo,Zitmo1.xml,1,0,1,0,0,0,0,0,0,0,0,0,0,0,0,0,0,0,0,0,0,0,0,0
Geinimi,Geinimi37.xml,1,0,1,0,0,0,1,1,1,0,0,0,0,1,1,1,0,0,0,0,0,0,1,0
AnserverBot,AnserverBot110.xml,1,1,1,1,1,0,0,1,1,0,0,0,0,1,1,1,0,0,0,0,0,0,1,0
Geinimi,Geinimi42.xml,1,0,1,0,0,0,1,1,1,0,0,0,0,1,0,1,0,0,0,0,0,0,0,0
AnserverBot,AnserverBot45.xml,1,1,1,1,1,0,0,1,1,0,0,0,0,1,1,1,0,0,0,0,0,0,1,0
DroidKungFu4,DroidKungFu443.xml,1,1,1,0,0,0,1,0,1,0,0,0,0,0,1,0,0,0,0,0,0,0,0,0
DroidKungFu3,DroidKungFu3137.xml,1,1,1,0,1,0,1,0,1,0,1,0,0,0,1,0,0,0,0,0,0,0,0,0
KMin,KMin15.xml,1,1,1,0,0,0,0,1,1,1,0,1,0,1,1,0,0,0,0,0,0,0,0,0
BaseBridge,BaseBridge62.xml,1,1,1,0,0,0,0,0,1,0,0,0,0,0,1,1,0,0,0,0,0,0,0,0
DroidKungFu4,DroidKungFu477.xml,1,1,1,1,0,0,1,0,1,0,0,0,0,0,1,0,0,0,0,0,0,0,0,0
DroidKungFu3,DroidKungFu3152.xml,1,1,1,1,1,0,1,0,0,1,1,0,0,0,0,0,0,0,0,0,0,0,0,0
AnserverBot,AnserverBot125.xml,1,1,1,1,1,0,0,1,1,0,0,0,0,1,1,1,0,0,0,0,0,0,1,0
DroidDreamLight,DroidDreamLight12.xml,1,1,1,0,1,1,0,0,1,1,0,0,0,0,0,0,0,0,0,0,0,0,1,0
DroidDream,DroidDream12.xml,1,1,1,0,1,0,0,0,0,0,0,0,0,0,0,0,0,0,0,0,0,0,0,0
DroidKungFu3,DroidKungFu399.xml,1,1,1,0,1,0,0,0,0,0,1,0,0,0,0,0,0,0,0,0,0,0,0,0
KMin,KMin52.xml,1,1,1,0,0,0,0,1,1,1,0,1,0,1,1,0,0,0,0,0,0,0,0,0
DroidKungFu3,DroidKungFu3105.xml,1,1,1,1,1,0,1,0,0,0,1,0,0,0,0,0,0,0,0,0,1,0,0,0
AnserverBot,AnserverBot139.xml,1,1,1,1,1,0,0,1,1,0,0,0,0,1,1,1,0,0,0,0,0,0,1,0
DroidKungFu3,DroidKungFu3247.xml,1,1,1,0,1,1,1,0,1,0,1,0,0,0,1,0,0,0,0,0,0,0,0,0
AnserverBot,AnserverBot154.xml,1,1,1,1,1,0,0,1,1,0,0,0,0,1,1,1,0,0,0,0,0,0,1,0
DroidKungFu3,DroidKungFu360.xml,1,1,1,1,1,0,0,0,0,1,1,0,0,0,0,0,0,0,0,0,0,0,0,0
DroidKungFu3,DroidKungFu3200.xml,1,1,1,0,1,0,1,0,1,1,1,0,0,0,1,0,0,0,0,0,0,0,0,0
AnserverBot,AnserverBot89.xml,1,1,1,1,1,0,0,1,1,0,0,0,0,1,1,1,0,0,0,0,0,0,1,0
DroidKungFu4,DroidKungFu496.xml,1,1,1,1,0,0,1,0,1,0,0,0,0,0,1,0,0,0,0,1,0,0,0,0
DroidKungFu1,DroidKungFu113.xml,1,1,1,0,0,0,1,0,0,0,1,0,0,0,0,0,0,0,0,0,0,0,0,0
BaseBridge,BaseBridge119.xml,1,1,1,0,0,0,0,0,1,0,0,0,0,0,1,1,0,0,0,0,0,0,0,0
GoldDream,GoldDream36.xml,1,0,1,0,1,0,1,0,1,0,0,0,0,0,0,0,0,0,0,0,0,0,0,0
AnserverBot,AnserverBot70.xml,1,1,1,1,1,0,0,1,1,0,0,0,0,1,1,1,0,0,0,0,0,0,1,0
AnserverBot,AnserverBot41.xml,1,1,1,1,1,0,0,1,1,0,0,0,0,1,1,1,0,0,0,0,0,0,1,0
DroidKungFu4,DroidKungFu417.xml,1,1,1,0,0,0,1,0,1,0,0,0,0,0,1,0,0,0,0,0,0,0,0,0
DroidKungFu3,DroidKungFu381.xml,1,1,1,1,0,0,1,0,1,1,1,1,0,0,1,0,0,0,0,0,0,0,0,0
DroidKungFu3,DroidKungFu3138.xml,1,1,1,0,1,0,0,0,0,0,1,0,0,0,0,0,0,0,0,0,0,0,0,0
Asroot,Asroot3.xml,1,0,0,0,0,0,0,0,0,0,0,0,0,0,0,0,0,0,0,0,0,0,0,0
AnserverBot,AnserverBot158.xml,1,1,1,1,1,0,0,1,1,0,0,0,0,1,1,1,0,0,0,0,0,0,1,0
Geinimi,Geinimi32.xml,1,1,1,0,0,0,1,1,1,0,0,0,0,1,1,1,0,0,0,0,0,0,1,0
KMin,KMin46.xml,1,1,1,0,0,0,0,1,1,1,0,1,0,1,1,0,0,0,0,0,0,0,0,0
DroidKungFu3,DroidKungFu395.xml,1,1,1,0,0,0,1,0,1,1,1,0,0,0,1,0,0,0,0,0,0,0,0,0
DroidKungFu1,DroidKungFu112.xml,1,1,1,0,0,0,0,0,0,0,1,0,0,0,0,0,0,0,0,0,0,0,1,0
DroidKungFu3,DroidKungFu3268.xml,1,1,1,0,0,0,0,0,0,1,1,0,0,0,0,0,0,0,0,0,0,0,0,0
DroidKungFu3,DroidKungFu3209.xml,1,1,1,0,1,0,0,0,0,0,1,0,0,0,0,0,0,0,0,0,0,0,0,0
BaseBridge,BaseBridge98.xml,1,1,0,0,0,0,0,0,0,0,0,0,0,0,0,0,0,0,0,0,0,0,0,0
AnserverBot,AnserverBot168.xml,1,1,1,1,1,0,0,1,1,0,0,0,0,1,1,1,0,0,0,0,0,0,1,0
AnserverBot,AnserverBot133.xml,1,1,1,1,1,0,0,1,1,0,0,0,0,1,1,1,0,0,0,0,0,0,1,0
GoldDream,GoldDream28.xml,1,1,1,0,1,0,1,1,1,0,0,0,0,1,0,0,0,0,0,0,0,0,0,0
DroidKungFu2,DroidKungFu225.xml,1,0,1,0,0,0,0,0,0,0,1,0,0,0,0,0,0,0,0,0,0,0,0,0
DroidKungFu3,DroidKungFu385.xml,1,1,1,0,0,0,1,0,1,0,1,0,0,0,1,0,0,0,0,0,0,0,0,0
AnserverBot,AnserverBot99.xml,1,1,1,1,1,0,0,1,1,0,0,0,0,1,1,1,0,0,0,0,0,0,1,0
FakeNetflix,FakeNetflix1.xml,1,1,1,1,0,0,0,0,0,1,0,0,0,0,0,0,0,0,0,0,0,0,0,0
Geinimi,Geinimi56.xml,1,0,1,1,0,0,1,1,1,0,0,0,0,1,0,1,0,0,0,0,0,0,0,0
AnserverBot,AnserverBot42.xml,1,1,1,1,1,0,0,1,1,0,0,0,0,1,1,1,0,0,0,0,0,0,1,0
DroidKungFu4,DroidKungFu434.xml,1,1,1,0,0,0,1,0,1,0,0,0,0,0,1,0,0,0,0,0,0,0,0,0
DroidKungFu3,DroidKungFu3117.xml,1,1,1,1,1,0,1,0,0,0,1,0,0,0,0,0,0,0,0,0,1,0,0,0
GoldDream,GoldDream24.xml,1,1,1,0,1,0,1,0,1,0,0,0,0,0,0,0,0,0,0,0,0,0,0,0
KMin,KMin22.xml,1,1,1,0,0,0,0,1,1,1,0,1,0,1,1,0,0,0,0,0,0,0,0,0
DroidKungFu3,DroidKungFu389.xml,1,1,1,0,0,0,1,0,1,1,1,0,0,0,1,0,0,0,0,0,0,0,0,0
DroidDreamLight,DroidDreamLight35.xml,1,1,1,0,1,1,0,0,1,0,0,1,0,0,0,0,0,0,0,0,0,0,0,0
Gone60,Gone604.xml,1,0,0,0,0,0,0,0,1,0,0,0,0,0,0,0,0,0,0,0,0,0,0,0
YZHC,YZHC12.xml,1,1,1,0,1,0,0,1,1,0,0,0,0,1,1,0,0,0,0,0,0,0,0,0
AnserverBot,AnserverBot3.xml,1,1,1,1,1,0,0,1,1,0,0,0,0,1,1,1,0,0,0,0,0,0,1,0
DroidKungFu3,DroidKungFu3168.xml,1,1,1,0,1,0,1,0,0,1,1,0,0,0,0,0,0,0,0,0,0,0,0,0
DroidKungFu3,DroidKungFu3258.xml,1,1,1,0,1,0,0,0,0,0,1,0,0,0,0,0,0,0,0,0,0,0,0,0
DroidKungFu4,DroidKungFu422.xml,1,1,1,0,0,0,1,0,1,0,0,0,0,0,1,0,0,0,0,0,0,0,0,0
KMin,KMin48.xml,1,1,1,0,0,0,0,1,1,1,0,1,0,1,1,0,0,0,0,0,0,0,0,0
KMin,KMin13.xml,1,1,1,0,0,0,0,1,1,1,0,1,0,1,1,0,0,0,0,0,0,0,0,0
AnserverBot,AnserverBot13.xml,1,1,1,1,1,0,0,1,1,0,0,0,0,1,1,1,0,0,0,0,0,0,1,0
DroidKungFu4,DroidKungFu462.xml,1,1,1,0,0,0,1,0,1,0,0,0,0,0,1,0,0,0,0,0,0,0,1,0
DroidKungFu3,DroidKungFu3257.xml,1,1,1,1,0,0,1,1,1,1,1,0,0,0,1,0,0,0,0,0,0,0,0,0
Asroot,Asroot7.xml,0,0,0,0,0,0,0,0,0,0,0,0,1,0,0,0,0,0,0,0,0,0,0,0
DroidKungFu3,DroidKungFu3218.xml,1,1,1,0,1,0,1,0,1,1,1,0,0,0,1,0,0,0,0,0,0,0,0,0
AnserverBot,AnserverBot21.xml,1,1,1,1,1,0,0,1,1,0,0,0,0,1,1,1,0,0,0,0,0,0,1,0
DroidKungFu3,DroidKungFu3250.xml,1,1,1,0,1,0,0,0,0,0,1,0,0,0,0,0,0,0,0,0,0,0,0,0
DroidKungFu4,DroidKungFu43.xml,1,1,1,1,0,0,1,0,1,0,0,0,0,0,1,0,0,0,0,0,0,0,0,0
SndApps,SndApps1.xml,1,0,1,0,1,1,0,0,0,0,0,0,0,0,0,0,0,0,0,0,0,0,0,0
DroidKungFu3,DroidKungFu3276.xml,1,1,1,0,1,0,1,0,1,0,1,0,0,0,1,0,0,0,0,0,0,0,0,0
Geinimi,Geinimi40.xml,1,0,1,0,0,0,1,1,1,0,0,0,0,1,0,1,0,0,0,0,0,0,1,0
DroidKungFu2,DroidKungFu229.xml,1,0,1,0,0,0,0,0,0,0,0,0,0,0,0,0,0,0,0,0,0,0,0,0
AnserverBot,AnserverBot101.xml,1,1,1,1,1,0,0,1,1,0,0,0,0,1,1,1,0,0,0,0,0,0,1,0
Pjapps,Pjapps36.xml,1,0,1,0,0,0,0,1,0,0,0,0,0,0,0,0,0,0,0,0,0,0,0,0
Asroot,Asroot8.xml,1,0,0,0,0,0,0,0,0,0,0,0,0,0,0,0,0,0,0,0,0,0,0,0
Geinimi,Geinimi68.xml,1,0,1,0,0,0,1,1,1,0,0,0,0,1,0,1,0,0,0,0,0,0,0,0
DroidKungFu2,DroidKungFu221.xml,1,0,1,0,1,0,0,0,0,0,1,0,0,0,0,0,0,0,0,0,0,0,0,0
YZHC,YZHC1.xml,1,1,1,0,1,0,0,1,1,0,0,0,0,1,1,0,0,0,0,0,0,0,0,0
DroidKungFu3,DroidKungFu366.xml,1,1,1,0,1,0,1,0,0,1,1,0,0,0,0,0,0,0,0,0,0,0,0,0
NickySpy,NickySpy1.xml,1,0,1,1,0,0,1,1,1,0,0,0,0,1,1,1,0,0,0,0,1,0,0,0
DroidKungFu4,DroidKungFu423.xml,1,1,1,0,0,0,1,0,1,0,0,0,0,0,1,0,0,0,0,0,0,0,1,0
BaseBridge,BaseBridge101.xml,0,0,0,0,0,0,0,0,0,0,0,0,0,0,0,0,0,0,0,0,0,0,0,0
Geinimi,Geinimi60.xml,1,0,1,0,0,0,1,1,0,0,0,0,0,1,0,1,0,0,0,0,0,0,0,0
Pjapps,Pjapps56.xml,1,1,1,0,1,0,0,1,1,0,0,0,0,0,1,0,0,0,0,0,0,0,0,0
SMSReplicator,SMSReplicator1.xml,0,0,0,0,0,0,0,1,0,0,0,0,0,0,0,0,0,0,0,0,0,0,0,0
BaseBridge,BaseBridge15.xml,1,1,1,0,0,0,0,0,0,0,0,0,0,0,0,0,0,0,0,0,0,0,0,0
DroidKungFu4,DroidKungFu412.xml,1,1,1,1,0,0,1,0,1,1,0,0,0,0,1,0,0,0,0,0,0,0,0,0
DroidKungFu3,DroidKungFu3121.xml,1,1,1,0,1,0,1,0,1,0,0,0,0,0,1,0,0,0,0,0,0,0,0,0
GoldDream,GoldDream7.xml,1,1,1,0,1,0,1,0,1,0,0,0,0,0,0,0,0,0,0,0,0,0,0,0
Bgserv,Bgserv4.xml,1,1,1,1,1,0,1,1,0,0,0,0,0,0,0,0,0,0,0,1,0,0,0,0
DroidKungFu3,DroidKungFu3135.xml,1,1,1,0,1,0,1,0,1,0,1,0,0,0,1,0,0,0,0,0,0,0,0,0
DroidKungFu4,DroidKungFu457.xml,1,1,1,1,0,0,1,0,1,0,0,0,0,0,1,0,0,0,0,0,0,0,0,0
DroidKungFu3,DroidKungFu3102.xml,1,1,1,0,0,0,1,0,1,0,1,0,0,0,1,0,0,0,0,0,0,0,0,0
Pjapps,Pjapps26.xml,1,0,1,0,0,0,0,1,0,0,0,0,0,0,0,0,0,0,0,0,0,0,0,0
DroidKungFu3,DroidKungFu3103.xml,1,1,1,0,0,0,1,0,0,0,0,0,0,0,0,0,0,0,0,0,0,0,0,0
BaseBridge,BaseBridge20.xml,1,1,1,1,1,0,0,1,1,0,0,0,0,1,1,1,0,0,0,0,0,0,1,0
BaseBridge,BaseBridge54.xml,1,1,1,1,1,0,0,1,1,0,0,0,0,1,1,1,0,0,0,0,0,0,1,0
DroidKungFu4,DroidKungFu465.xml,1,1,1,1,0,0,1,0,1,0,1,0,0,0,1,0,0,0,0,1,0,0,0,0
DroidKungFu3,DroidKungFu3118.xml,1,1,1,0,1,0,1,0,0,1,1,0,0,0,0,0,0,0,0,0,0,0,0,0
AnserverBot,AnserverBot43.xml,1,1,1,1,1,0,0,1,1,0,0,0,0,1,1,1,0,0,0,0,0,0,1,0
DroidKungFu4,DroidKungFu468.xml,1,1,1,0,0,0,1,0,1,0,0,0,0,0,1,0,0,0,0,0,0,0,0,0
DroidKungFu3,DroidKungFu3189.xml,1,1,1,0,1,0,1,0,0,0,1,0,0,0,0,0,0,0,0,1,1,0,0,0
DroidKungFu3,DroidKungFu3222.xml,1,1,1,0,1,0,1,0,1,0,1,0,0,0,1,0,0,0,0,0,0,0,0,0
BaseBridge,BaseBridge1.xml,1,1,0,0,0,0,0,0,1,0,0,0,0,0,1,0,0,0,0,0,0,0,0,0
DroidDreamLight,DroidDreamLight3.xml,1,1,1,0,1,1,0,0,1,0,1,1,0,0,0,0,0,0,0,1,0,1,0,0
ADRD,ADRD7.xml,1,1,1,1,1,0,0,0,0,0,0,0,0,0,0,0,0,0,0,0,0,0,0,0
DogWars,DogWars1.xml,1,0,1,0,1,0,1,1,0,0,0,0,0,0,1,0,0,0,0,0,0,0,0,0
YZHC,YZHC13.xml,1,1,1,0,1,0,0,1,1,0,0,0,0,1,1,0,0,0,0,0,0,0,0,0
AnserverBot,AnserverBot97.xml,1,1,1,1,1,0,0,1,1,0,0,0,0,1,1,1,0,0,0,0,0,0,1,0
DroidKungFu3,DroidKungFu3120.xml,1,1,1,0,1,0,1,0,0,1,1,0,0,0,0,0,0,0,0,0,0,0,0,0
ADRD,ADRD21.xml,1,1,1,0,1,0,1,1,1,0,0,1,0,0,1,0,0,0,0,0,0,0,1,0
AnserverBot,AnserverBot148.xml,1,1,1,1,1,0,0,1,1,0,0,0,0,1,1,1,0,0,0,0,0,0,1,0
GoldDream,GoldDream42.xml,1,1,1,0,1,0,0,0,1,0,0,0,0,0,0,0,0,0,0,0,0,0,0,0
DroidKungFu4,DroidKungFu440.xml,1,1,1,0,0,0,1,0,1,0,0,0,0,0,1,0,0,0,0,0,0,0,0,0
SndApps,SndApps5.xml,1,0,1,0,1,1,0,0,0,0,0,0,0,0,0,0,0,0,0,0,0,0,0,0
BaseBridge,BaseBridge77.xml,1,1,1,0,0,0,0,0,1,0,0,0,0,0,1,1,0,0,0,0,0,0,0,0
KMin,KMin11.xml,1,1,1,0,0,0,0,1,1,1,0,1,0,1,1,0,0,0,0,0,0,0,0,0
DroidKungFu3,DroidKungFu3202.xml,1,1,1,0,1,0,1,0,1,1,1,0,0,0,1,0,0,0,0,0,0,0,0,0
AnserverBot,AnserverBot151.xml,1,1,1,1,1,0,0,1,1,0,0,0,0,1,1,1,0,0,0,0,0,0,1,0
RogueSPPush,RogueSPPush3.xml,1,1,1,0,0,0,0,1,1,0,0,0,0,0,1,0,0,0,0,0,0,0,1,0
Walkinwat,Walkinwat1.xml,1,1,1,0,0,0,1,1,0,0,0,0,1,1,0,0,0,0,0,0,0,0,0,0
BaseBridge,BaseBridge57.xml,1,1,1,0,0,0,0,0,1,0,0,0,0,0,1,1,0,0,0,0,0,0,0,0
BaseBridge,BaseBridge94.xml,1,1,1,1,1,0,0,1,1,0,0,0,0,1,1,1,0,0,0,0,0,0,1,0
DroidKungFu3,DroidKungFu3284.xml,1,1,1,0,1,0,0,1,0,1,1,0,0,0,0,0,0,0,0,0,0,0,0,0
DroidKungFu3,DroidKungFu3186.xml,1,1,1,0,1,0,0,0,0,0,1,0,0,0,0,0,0,0,0,0,0,0,0,0
AnserverBot,AnserverBot8.xml,1,1,1,1,1,0,0,1,1,1,0,0,0,1,1,1,0,0,0,0,0,0,1,0
AnserverBot,AnserverBot118.xml,1,1,1,1,1,0,0,1,1,0,0,0,0,1,1,1,0,0,0,0,0,0,1,0
Pjapps,Pjapps50.xml,1,1,1,0,0,0,0,1,0,0,0,0,0,0,0,0,0,0,0,0,0,0,0,0
DroidKungFu3,DroidKungFu3165.xml,1,1,1,0,1,0,1,0,0,1,1,0,0,0,0,0,0,0,0,0,0,0,0,0
DroidKungFu3,DroidKungFu3173.xml,1,1,1,0,1,0,1,0,0,0,1,0,0,0,0,0,0,0,0,0,0,0,0,0
DroidKungFu4,DroidKungFu459.xml,1,1,1,1,0,0,1,0,1,0,1,0,0,0,1,0,0,0,0,1,0,0,0,0
Pjapps,Pjapps24.xml,1,0,1,0,0,0,0,1,0,0,0,0,0,0,0,0,0,0,0,0,0,0,0,0
DroidKungFu3,DroidKungFu314.xml,1,1,1,0,1,0,0,0,0,0,1,0,0,0,0,0,0,0,0,0,0,0,0,0
YZHC,YZHC22.xml,1,1,1,0,1,0,0,1,1,0,0,0,0,1,1,0,0,0,0,0,0,0,0,0
DroidKungFu3,DroidKungFu3156.xml,1,1,1,0,0,0,1,0,1,1,1,0,0,0,1,0,0,0,0,0,0,0,0,0
BaseBridge,BaseBridge25.xml,1,1,1,0,0,0,0,0,0,0,0,0,0,0,0,0,0,0,0,0,0,0,0,0
jSMSHider,jSMSHider2.xml,1,1,1,0,0,0,1,0,0,0,0,0,0,0,0,0,0,0,0,0,0,0,0,0
Geinimi,Geinimi10.xml,1,0,1,0,0,0,1,1,1,0,0,0,0,1,1,1,0,0,0,0,0,0,1,0
DroidKungFu2,DroidKungFu227.xml,1,0,1,0,1,0,0,0,0,0,1,0,0,0,0,0,0,0,0,0,0,0,0,0
Bgserv,Bgserv5.xml,1,1,1,1,1,0,1,1,0,0,0,0,0,0,0,0,0,0,0,1,0,0,0,0
AnserverBot,AnserverBot68.xml,1,1,1,1,1,0,0,1,1,0,0,0,0,1,1,1,0,0,0,0,0,0,1,0
DroidKungFu3,DroidKungFu348.xml,1,1,1,0,1,0,0,0,0,1,1,0,0,0,0,0,0,0,0,0,0,0,0,0
DroidKungFu4,DroidKungFu494.xml,1,1,1,0,0,0,1,0,1,0,0,0,0,0,1,0,0,0,0,0,0,0,0,0
DroidKungFu3,DroidKungFu3301.xml,1,1,1,0,1,0,0,0,0,0,1,0,0,0,0,0,0,0,0,0,0,0,0,0
Geinimi,Geinimi41.xml,1,0,1,0,0,0,1,1,1,0,0,0,0,1,0,1,0,0,0,0,0,0,0,0
DroidKungFu3,DroidKungFu3233.xml,1,1,1,0,1,0,1,0,1,0,1,0,0,0,1,0,0,0,0,0,0,0,0,0
Geinimi,Geinimi21.xml,1,0,1,0,0,0,1,1,1,0,0,0,0,1,0,1,0,0,0,0,0,0,0,0
AnserverBot,AnserverBot58.xml,1,1,1,1,1,0,0,1,1,0,0,0,0,1,1,1,0,0,0,0,0,0,1,0
DroidKungFuUpdate,DroidKungFuUpdate1.xml,1,1,1,0,0,0,0,0,0,1,0,0,0,0,0,0,0,0,0,0,0,0,0,0
ADRD,ADRD18.xml,1,1,1,0,1,0,0,0,0,0,0,0,0,0,0,0,0,0,0,0,1,0,0,0
Geinimi,Geinimi4.xml,1,0,1,0,0,0,1,1,1,0,0,0,0,1,0,1,0,0,0,0,1,0,0,0
DroidKungFu1,DroidKungFu127.xml,1,1,1,0,0,0,1,0,0,0,1,0,0,0,0,0,0,0,0,0,0,0,0,0
Pjapps,Pjapps27.xml,1,1,1,0,1,0,1,1,1,0,0,1,0,0,1,1,0,0,0,1,0,0,0,0
AnserverBot,AnserverBot130.xml,1,1,1,1,1,0,0,1,1,0,0,0,0,1,1,1,0,0,0,0,0,0,1,0
DroidKungFu2,DroidKungFu211.xml,1,1,0,0,1,0,1,0,1,0,1,0,0,0,1,0,0,0,0,1,0,0,0,0
KMin,KMin35.xml,1,1,1,0,0,0,0,1,1,1,0,1,0,1,1,0,0,0,0,0,0,0,0,0
DroidKungFu4,DroidKungFu455.xml,1,1,1,0,0,0,1,0,0,0,0,0,0,0,0,0,0,0,0,0,0,0,0,0
DroidKungFu4,DroidKungFu425.xml,1,1,1,0,0,0,1,0,1,0,0,0,0,0,1,0,0,0,0,0,0,0,0,0
AnserverBot,AnserverBot50.xml,1,1,1,1,1,0,0,1,1,0,0,0,0,1,1,1,0,0,0,0,0,0,1,0
DroidKungFu3,DroidKungFu377.xml,1,1,1,0,1,0,0,0,0,0,1,0,0,0,0,0,0,0,0,0,0,0,0,0
DroidKungFu4,DroidKungFu478.xml,1,1,1,1,0,0,1,0,1,0,0,0,0,0,1,0,0,0,0,0,0,0,0,0
DroidKungFu3,DroidKungFu3203.xml,1,1,1,0,1,0,0,0,0,1,1,0,0,0,0,0,0,0,0,0,0,0,0,0
DroidKungFu3,DroidKungFu3194.xml,1,1,1,0,1,0,1,0,1,0,1,0,0,0,1,0,0,0,0,0,0,0,0,0
AnserverBot,AnserverBot6.xml,1,1,1,1,1,0,0,1,1,0,0,0,0,1,1,1,0,0,0,0,0,0,1,0
DroidKungFu1,DroidKungFu18.xml,1,1,1,0,0,0,0,0,0,0,1,0,0,0,0,0,0,0,0,0,0,0,0,0
ADRD,ADRD1.xml,1,1,1,0,1,0,1,1,1,0,0,1,0,0,1,0,0,0,0,0,0,0,1,0
DroidKungFu3,DroidKungFu316.xml,1,1,1,0,1,0,1,0,0,0,1,0,0,0,0,0,0,0,0,0,0,0,0,0
DroidKungFu3,DroidKungFu3184.xml,1,1,1,0,1,0,0,0,0,0,1,0,0,0,0,0,0,0,0,0,0,0,0,0
AnserverBot,AnserverBot169.xml,1,1,1,1,1,0,0,1,1,0,0,0,0,1,1,1,0,0,0,0,0,0,1,0
DroidKungFu3,DroidKungFu3115.xml,1,1,1,0,0,0,0,0,0,1,1,0,0,0,0,0,0,0,0,0,0,0,0,0
KMin,KMin25.xml,1,1,1,0,0,0,0,1,1,0,0,0,0,0,1,0,0,0,0,0,0,0,0,0
DroidKungFu4,DroidKungFu416.xml,1,1,1,1,0,0,1,0,1,0,0,0,0,0,1,0,0,0,0,1,0,0,0,0
AnserverBot,AnserverBot25.xml,1,1,1,1,1,0,0,1,1,0,0,0,0,1,1,1,0,0,0,0,0,0,1,0
DroidDreamLight,DroidDreamLight8.xml,1,1,1,0,0,0,0,0,0,0,0,0,0,0,0,0,0,0,0,0,0,0,0,0
BaseBridge,BaseBridge78.xml,1,1,1,0,0,0,0,0,0,1,0,0,0,0,0,0,0,0,0,0,0,0,0,0
DroidKungFu3,DroidKungFu3230.xml,1,1,1,0,0,0,1,1,1,1,1,0,0,0,1,0,0,0,0,0,0,0,0,0
DroidKungFu2,DroidKungFu226.xml,1,0,1,0,0,0,0,0,0,0,0,0,0,0,0,0,0,0,0,0,0,0,0,0
BaseBridge,BaseBridge28.xml,0,1,1,0,0,0,0,0,0,0,0,0,0,0,0,0,0,0,0,0,0,0,0,0
DroidKungFu3,DroidKungFu3211.xml,1,1,1,0,0,0,1,0,1,1,1,0,0,0,1,0,0,0,0,0,0,0,0,0
AnserverBot,AnserverBot22.xml,1,1,1,1,1,0,0,1,1,0,0,1,0,1,1,1,0,0,0,0,0,0,1,0
AnserverBot,AnserverBot156.xml,1,1,1,1,1,0,0,1,1,0,0,0,0,1,1,1,0,0,0,0,0,0,1,0
DroidKungFu3,DroidKungFu350.xml,1,1,1,1,1,0,1,0,0,0,1,0,0,0,0,0,0,0,0,0,1,0,0,0
KMin,KMin51.xml,1,1,1,0,0,0,0,1,1,1,0,1,0,1,1,0,0,0,0,0,0,0,0,0
AnserverBot,AnserverBot36.xml,1,1,1,1,1,0,0,1,1,0,0,0,0,1,1,1,0,0,0,0,0,0,1,0
Pjapps,Pjapps15.xml,1,0,1,0,0,0,0,1,0,0,0,0,0,0,0,0,0,0,0,0,0,0,0,0
jSMSHider,jSMSHider10.xml,1,1,1,0,0,0,1,0,1,0,0,0,0,0,0,0,0,0,0,0,0,0,0,0
DroidKungFu2,DroidKungFu22.xml,1,0,1,0,0,0,0,0,0,0,0,0,0,0,0,0,0,0,0,0,0,0,0,0
DroidKungFu3,DroidKungFu33.xml,1,1,1,0,0,0,1,0,1,1,1,0,0,0,1,0,0,0,0,0,0,0,0,0
DroidKungFu3,DroidKungFu3171.xml,1,1,1,0,1,0,0,0,0,0,1,0,0,0,0,0,0,0,0,0,0,0,0,0
BaseBridge,BaseBridge106.xml,1,1,1,1,1,0,0,1,1,0,0,0,0,1,1,1,0,0,0,0,0,0,1,0
DroidKungFu3,DroidKungFu349.xml,1,1,1,0,1,0,0,0,0,1,1,0,0,0,0,0,0,0,0,0,0,0,0,0
Geinimi,Geinimi19.xml,1,0,1,0,0,0,1,1,1,0,0,0,0,1,0,1,0,0,0,0,0,0,0,0
ADRD,ADRD19.xml,1,1,1,0,1,0,0,0,0,0,0,0,0,0,0,0,0,0,0,0,0,0,0,0
DroidKungFu4,DroidKungFu431.xml,1,1,1,1,0,0,1,0,0,0,1,0,0,0,0,0,0,0,0,1,0,0,0,0
Pjapps,Pjapps31.xml,1,0,1,0,0,0,0,1,0,0,0,0,0,0,0,0,0,0,0,0,0,0,0,0
BaseBridge,BaseBridge38.xml,1,0,1,0,0,0,0,0,0,0,0,0,0,0,0,0,0,0,0,0,0,0,0,0
Plankton,Plankton6.xml,1,1,1,1,0,0,0,0,0,0,0,0,0,0,0,0,0,0,0,0,0,0,0,0
AnserverBot,AnserverBot177.xml,1,1,1,1,1,0,0,1,1,0,0,0,0,1,1,1,0,0,0,0,0,0,1,0
DroidKungFu3,DroidKungFu3251.xml,1,1,1,0,1,0,1,1,1,1,1,0,0,0,0,0,0,0,0,0,0,0,0,0
DroidKungFu3,DroidKungFu371.xml,1,1,1,0,1,0,1,0,0,1,1,0,0,0,0,0,0,0,0,0,0,0,0,0
AnserverBot,AnserverBot17.xml,1,1,1,1,1,0,0,1,1,0,0,0,0,1,1,1,0,0,0,0,0,0,1,0
Pjapps,Pjapps38.xml,1,0,1,0,1,0,0,1,0,0,0,0,0,0,0,0,0,0,0,0,1,0,0,0
Pjapps,Pjapps33.xml,1,1,1,1,0,0,0,1,0,0,1,0,0,0,0,0,0,0,0,1,0,0,0,0
Endofday,Endofday1.xml,1,0,1,0,1,0,0,1,1,0,0,0,0,0,1,0,0,0,0,0,0,0,0,0
zHash,zHash1.xml,1,1,1,1,1,0,0,1,1,1,1,0,0,1,1,0,0,0,0,1,0,0,0,0
DroidKungFu3,DroidKungFu3166.xml,1,1,1,0,1,0,1,0,0,1,1,0,0,0,0,0,0,0,0,0,0,0,0,0
AnserverBot,AnserverBot150.xml,1,1,1,1,1,0,0,1,1,0,0,0,0,1,1,1,0,0,0,0,0,0,1,0
DroidKungFu3,DroidKungFu3198.xml,1,1,1,0,1,0,1,0,0,1,1,0,0,0,0,0,0,0,0,0,0,0,0,0
Geinimi,Geinimi25.xml,1,0,1,0,0,0,1,1,1,0,0,0,0,1,0,1,0,0,0,0,0,0,0,0
AnserverBot,AnserverBot77.xml,1,1,1,1,1,0,0,1,1,0,0,0,0,1,1,1,0,0,0,0,0,0,1,0
BaseBridge,BaseBridge91.xml,1,1,1,1,1,0,0,1,1,0,0,0,0,1,1,1,0,0,0,0,0,0,1,0
DroidKungFu3,DroidKungFu364.xml,1,1,1,0,1,0,0,0,0,0,1,0,0,0,0,0,0,0,0,0,0,0,0,0
DroidKungFu3,DroidKungFu354.xml,1,1,1,0,1,0,0,0,0,0,1,0,0,0,0,0,0,0,0,0,0,0,0,0
DroidKungFu1,DroidKungFu110.xml,1,1,1,0,0,0,0,0,0,0,1,0,0,0,0,0,0,0,0,0,0,0,1,0
Pjapps,Pjapps53.xml,1,0,1,0,1,0,0,1,0,0,0,0,0,0,0,0,0,0,0,0,0,0,0,0
ADRD,ADRD6.xml,1,1,1,0,1,0,1,1,1,0,0,1,0,0,1,0,0,0,0,0,0,0,1,0
BaseBridge,BaseBridge33.xml,1,1,0,0,0,0,1,0,0,0,0,0,0,0,0,0,0,0,0,0,0,0,0,0
DroidKungFu1,DroidKungFu124.xml,1,1,1,1,1,0,0,0,0,0,1,0,0,0,0,0,0,0,0,0,0,0,0,0
DroidDreamLight,DroidDreamLight25.xml,1,0,1,0,0,0,0,0,0,0,0,0,0,0,0,0,0,0,0,0,0,0,0,0
DroidKungFu3,DroidKungFu337.xml,1,1,1,0,1,0,1,0,0,1,1,0,0,0,0,0,0,0,0,0,0,0,0,0
DroidKungFu3,DroidKungFu3190.xml,1,1,1,0,0,0,1,0,1,1,1,0,0,0,1,0,0,0,0,0,0,0,0,0
DroidKungFu4,DroidKungFu488.xml,1,1,1,1,0,0,1,0,1,0,0,0,0,0,1,0,0,0,0,0,0,0,0,0
DroidKungFu4,DroidKungFu473.xml,1,1,1,1,0,0,1,0,1,0,0,0,0,0,1,0,0,0,0,0,0,0,0,0
zHash,zHash5.xml,1,1,1,1,1,0,0,1,1,1,1,0,0,1,1,0,0,0,0,1,0,0,0,0
DroidKungFu3,DroidKungFu36.xml,1,1,1,0,1,0,1,0,1,0,1,0,0,0,1,0,0,0,0,0,0,0,0,0
GoldDream,GoldDream29.xml,1,0,1,0,1,0,0,0,1,0,0,0,0,0,0,0,0,0,0,0,0,0,0,0
Spitmo,Spitmo1.xml,1,0,1,0,0,0,0,1,1,0,0,0,0,0,1,0,0,0,0,0,0,0,0,0
AnserverBot,AnserverBot18.xml,1,1,1,1,1,0,0,1,1,0,0,0,0,1,1,1,0,0,0,0,0,0,1,0
DroidKungFu4,DroidKungFu464.xml,1,1,1,1,0,0,1,0,1,0,0,0,0,0,1,0,0,0,0,0,0,0,0,0
DroidKungFu4,DroidKungFu430.xml,1,1,1,1,0,0,1,0,1,0,0,0,0,0,1,0,0,0,0,0,0,0,0,0
DroidDreamLight,DroidDreamLight27.xml,1,1,1,0,0,1,0,0,1,1,0,0,0,0,1,0,0,0,0,0,0,0,1,0
BaseBridge,BaseBridge7.xml,1,1,1,1,1,0,0,1,1,0,0,0,0,1,1,1,0,0,0,0,0,0,1,0
DroidKungFu3,DroidKungFu3114.xml,1,1,1,0,1,0,0,0,0,0,1,0,0,0,0,0,0,0,0,0,0,0,0,0
KMin,KMin26.xml,1,1,1,0,0,0,0,1,1,1,0,1,0,1,1,0,0,0,0,0,0,0,0,0
zHash,zHash10.xml,1,1,1,0,0,0,0,1,1,1,1,0,0,1,1,0,0,0,0,1,0,0,0,0
BaseBridge,BaseBridge10.xml,1,1,1,1,1,0,0,1,1,0,0,0,0,1,1,1,0,0,0,0,0,0,1,0
DroidKungFu3,DroidKungFu321.xml,1,1,1,1,0,0,1,1,1,1,1,0,0,0,1,0,0,0,0,0,0,0,0,0
GoldDream,GoldDream33.xml,1,1,1,0,1,0,1,1,1,0,0,0,0,1,0,0,0,0,0,0,0,0,0,0
Geinimi,Geinimi44.xml,1,0,1,0,0,0,1,1,1,0,0,0,0,1,0,1,0,0,0,0,0,0,0,0
AnserverBot,AnserverBot176.xml,1,1,1,1,1,0,0,1,1,0,0,0,0,1,1,1,0,0,0,0,0,0,1,0
AnserverBot,AnserverBot14.xml,1,1,1,1,1,0,0,1,1,0,0,0,0,1,1,1,0,0,0,0,0,0,1,0
YZHC,YZHC7.xml,1,1,1,0,1,0,0,1,1,0,0,0,0,1,1,0,0,0,0,0,0,0,1,0
Pjapps,Pjapps4.xml,1,0,1,0,0,0,0,1,0,0,0,0,0,0,0,0,0,0,0,0,0,0,0,0
BaseBridge,BaseBridge49.xml,1,1,1,0,0,0,0,0,1,0,0,0,0,0,1,1,0,0,0,0,0,0,0,0
AnserverBot,AnserverBot126.xml,1,1,1,1,1,0,0,1,1,0,0,0,0,1,1,1,0,0,0,0,0,0,1,0
DroidKungFu3,DroidKungFu3178.xml,1,1,1,1,0,0,1,0,0,0,0,0,0,0,0,0,0,0,0,0,0,0,0,0
DroidKungFu4,DroidKungFu438.xml,1,1,1,0,0,0,1,0,1,0,0,0,0,0,1,0,0,0,0,0,0,0,0,0
DroidKungFu1,DroidKungFu117.xml,1,1,1,0,0,0,0,0,0,0,1,0,0,0,0,0,0,0,0,0,0,0,0,0
zHash,zHash11.xml,1,1,1,1,1,0,0,1,1,1,1,0,0,1,1,0,0,0,0,1,0,0,0,0
DroidDreamLight,DroidDreamLight33.xml,1,1,1,0,1,1,0,0,1,1,0,0,0,0,0,0,0,0,0,0,0,0,1,0
DroidKungFu3,DroidKungFu3291.xml,1,1,1,0,0,0,1,0,1,1,1,0,0,0,1,0,0,0,0,0,0,0,0,0
LoveTrap,LoveTrap1.xml,1,1,1,0,1,0,0,1,0,0,0,0,0,0,0,0,0,0,0,0,0,0,0,0
Geinimi,Geinimi33.xml,1,0,1,0,0,0,1,1,0,0,0,0,0,1,0,1,0,0,0,0,0,0,0,0
DroidDreamLight,DroidDreamLight26.xml,1,1,1,0,1,1,0,0,1,0,0,0,0,0,0,0,0,0,0,0,0,0,0,0
AnserverBot,AnserverBot108.xml,1,1,1,1,1,0,0,1,1,0,0,0,0,1,1,1,0,0,0,0,0,0,1,0
DroidKungFu3,DroidKungFu3179.xml,1,1,1,1,1,1,1,0,1,1,1,1,1,0,1,0,0,0,0,0,0,1,0,0
AnserverBot,AnserverBot107.xml,1,1,1,1,1,0,0,1,1,0,0,0,0,1,1,1,0,0,0,0,0,0,1,0
RogueSPPush,RogueSPPush1.xml,1,1,1,0,0,0,0,0,0,0,0,0,0,0,0,0,0,0,0,0,0,0,0,0
AnserverBot,AnserverBot104.xml,1,1,1,1,1,0,0,1,1,0,0,0,0,1,1,1,0,0,0,0,0,0,1,0
BaseBridge,BaseBridge12.xml,1,1,1,1,1,0,0,1,1,0,0,0,0,1,1,1,0,0,0,0,1,0,1,0
BaseBridge,BaseBridge85.xml,1,1,1,0,0,0,0,0,0,0,0,0,0,0,0,0,0,0,0,0,0,0,0,0
YZHC,YZHC14.xml,1,1,1,0,1,0,0,1,1,0,0,0,0,1,1,0,0,0,0,0,0,0,0,0
Bgserv,Bgserv3.xml,1,1,1,1,1,0,1,1,0,0,0,0,0,0,0,0,0,0,0,1,0,0,0,0
jSMSHider,jSMSHider11.xml,1,1,0,0,0,0,1,0,0,0,0,0,0,0,0,0,0,0,0,0,0,0,0,0
DroidKungFu3,DroidKungFu3265.xml,1,1,1,0,1,0,0,0,0,0,1,0,0,0,0,0,0,0,0,0,0,0,0,0
jSMSHider,jSMSHider16.xml,1,1,0,0,0,0,1,0,0,0,0,0,0,0,0,0,0,0,0,0,0,0,0,0
DroidKungFu3,DroidKungFu3136.xml,1,1,1,0,1,0,0,0,0,0,1,0,0,0,0,0,0,0,0,0,0,0,0,0
DroidKungFu3,DroidKungFu3182.xml,1,1,1,0,1,0,0,0,0,0,1,0,0,0,0,0,0,0,0,0,0,0,0,0
Plankton,Plankton10.xml,1,0,1,0,0,0,0,0,0,0,0,0,0,0,0,0,0,0,0,0,0,0,0,0
BaseBridge,BaseBridge52.xml,1,1,1,1,1,0,0,1,1,0,0,0,0,1,1,1,0,0,0,0,0,0,1,0
DroidKungFu3,DroidKungFu3172.xml,1,1,1,0,1,0,1,0,0,1,1,0,0,0,0,0,0,0,0,0,0,0,0,0
BaseBridge,BaseBridge83.xml,1,1,1,0,0,0,0,0,1,0,0,0,0,0,1,1,0,0,0,0,0,0,0,0
GPSSMSSpy,GPSSMSSpy3.xml,0,0,1,0,0,0,0,1,1,0,0,0,0,0,1,0,0,0,0,0,0,0,0,0
DroidKungFu3,DroidKungFu3108.xml,1,1,1,0,1,0,0,0,0,1,1,0,0,0,0,0,0,0,0,0,0,0,0,0
Geinimi,Geinimi5.xml,1,0,1,0,1,0,1,1,1,0,0,0,0,1,1,1,0,0,0,0,0,0,1,0
Pjapps,Pjapps1.xml,1,0,1,0,0,0,1,1,0,0,0,0,0,0,0,0,0,0,0,0,0,0,0,0
DroidDreamLight,DroidDreamLight1.xml,1,0,1,0,0,0,0,0,0,0,0,0,0,0,0,0,0,0,0,0,0,0,0,0
GoldDream,GoldDream6.xml,1,1,1,1,1,0,1,0,1,0,0,0,0,0,0,0,0,0,0,0,0,0,0,0
DroidKungFu1,DroidKungFu118.xml,1,1,1,0,0,0,0,0,0,0,1,0,0,0,0,0,0,0,0,0,0,0,0,0
DroidDreamLight,DroidDreamLight41.xml,1,1,1,0,1,1,0,0,1,0,0,0,0,0,0,0,0,0,0,0,0,0,0,0
AnserverBot,AnserverBot96.xml,1,1,1,1,1,0,0,1,1,0,0,0,0,1,1,1,0,0,0,0,0,0,1,0
ADRD,ADRD20.xml,1,1,1,0,1,0,0,0,0,0,0,0,0,0,0,0,0,0,0,0,0,0,0,0
AnserverBot,AnserverBot74.xml,1,1,1,1,1,0,0,1,1,0,0,0,0,1,1,1,0,0,0,0,0,0,1,0
DroidKungFu4,DroidKungFu47.xml,1,1,1,1,0,0,1,0,1,0,0,0,0,0,1,0,0,0,0,0,0,0,0,0
DroidKungFu3,DroidKungFu361.xml,1,1,1,0,0,0,1,0,1,1,1,0,0,0,1,0,0,0,0,0,0,0,0,0
Zsone,Zsone2.xml,1,0,0,0,0,0,1,1,0,0,0,0,0,0,0,0,0,0,0,0,0,0,1,0
YZHC,YZHC5.xml,1,1,1,0,1,0,0,1,1,0,0,0,0,1,1,0,0,0,0,0,0,0,1,0
DroidKungFu3,DroidKungFu3146.xml,1,1,1,0,1,0,1,0,1,0,1,0,0,0,1,0,0,0,0,0,0,0,0,0
Geinimi,Geinimi59.xml,1,1,1,1,0,1,1,1,1,0,0,0,0,1,0,1,0,0,0,0,0,0,0,0
DroidKungFu3,DroidKungFu32.xml,1,1,1,0,0,0,1,0,1,0,1,0,0,0,1,0,0,0,0,0,0,0,0,0
AnserverBot,AnserverBot134.xml,1,1,1,1,1,0,0,1,1,0,0,0,0,1,1,1,0,0,0,0,0,0,1,0
DroidKungFu3,DroidKungFu370.xml,1,1,1,0,1,0,1,0,1,1,1,0,0,0,1,0,0,0,0,0,0,0,0,0
DroidDreamLight,DroidDreamLight32.xml,1,1,1,0,1,1,0,0,1,0,0,0,0,0,0,0,0,0,0,0,0,0,0,0
KMin,KMin14.xml,1,1,1,0,0,0,0,1,1,1,0,1,0,1,1,0,0,0,0,0,0,0,0,0
AnserverBot,AnserverBot155.xml,1,1,1,1,1,0,0,1,1,0,0,0,0,1,1,1,0,0,0,0,0,0,1,0
DroidKungFu3,DroidKungFu3259.xml,1,1,1,0,1,0,1,0,1,1,1,0,0,1,0,0,0,0,0,0,0,0,0,0
DroidKungFu1,DroidKungFu115.xml,1,1,1,0,0,0,1,0,0,0,1,0,0,0,0,0,0,0,0,0,0,0,0,0
BaseBridge,BaseBridge69.xml,1,1,1,0,0,0,0,0,1,0,0,0,0,0,1,1,0,0,0,0,0,0,0,0
RogueSPPush,RogueSPPush6.xml,1,1,1,0,0,0,0,0,0,0,0,0,0,0,0,0,0,0,0,0,0,0,0,0
AnserverBot,AnserverBot186.xml,1,1,1,1,1,0,0,1,1,0,0,0,0,1,1,1,0,0,0,0,0,0,1,0
DroidKungFu3,DroidKungFu3288.xml,1,1,1,1,1,0,1,0,0,0,1,0,0,0,0,0,0,0,0,0,1,0,0,0
BaseBridge,BaseBridge97.xml,1,1,1,1,1,0,0,1,1,0,0,0,0,1,1,1,0,0,0,0,0,0,1,0
BaseBridge,BaseBridge105.xml,1,1,1,0,0,0,0,0,1,0,0,0,0,0,1,1,0,0,0,0,0,0,0,0
DroidKungFu3,DroidKungFu3261.xml,1,1,1,0,1,0,1,0,0,0,1,0,0,0,0,0,0,0,0,0,0,0,0,0
Pjapps,Pjapps16.xml,1,0,1,0,0,0,0,1,0,0,0,0,1,0,0,0,0,0,0,0,0,0,0,0
Zsone,Zsone1.xml,1,0,0,0,0,0,1,1,0,0,0,0,0,0,0,0,0,0,0,0,0,0,1,0
ADRD,ADRD11.xml,1,1,1,0,1,0,1,1,1,0,0,1,0,0,1,0,0,0,0,0,0,0,1,0
GoldDream,GoldDream21.xml,1,1,1,1,1,0,1,0,1,0,0,0,0,0,0,0,0,0,0,0,0,0,0,0
GPSSMSSpy,GPSSMSSpy1.xml,0,0,0,0,0,0,0,1,0,0,0,0,0,0,0,0,0,0,0,0,0,0,0,0
AnserverBot,AnserverBot128.xml,1,1,1,1,1,0,0,1,1,0,0,0,0,1,1,1,0,0,0,0,0,0,1,0
KMin,KMin3.xml,1,1,1,0,0,0,0,1,1,1,0,1,0,1,1,0,0,0,0,0,0,0,0,0
GoldDream,GoldDream44.xml,1,0,1,0,1,0,1,0,1,0,0,0,0,0,0,0,0,0,0,0,0,0,0,0
DroidKungFu4,DroidKungFu474.xml,1,1,1,1,0,0,1,0,1,0,0,0,0,0,1,0,0,0,0,0,0,0,0,0
Geinimi,Geinimi69.xml,1,1,1,0,0,0,1,1,1,0,0,0,0,1,1,1,0,0,0,0,0,0,1,0
YZHC,YZHC18.xml,1,1,1,0,1,0,0,1,1,0,0,0,0,1,1,0,0,0,0,0,0,0,0,0
DroidDream,DroidDream14.xml,1,1,1,0,0,0,0,0,0,1,1,1,0,1,0,0,0,0,0,0,0,0,1,0
DroidKungFu3,DroidKungFu368.xml,1,1,1,1,1,1,1,0,1,1,1,1,1,0,1,0,0,0,0,0,0,1,0,0
DroidKungFu3,DroidKungFu3185.xml,1,1,1,0,1,0,1,0,0,1,1,0,0,0,0,0,0,0,0,0,0,0,0,0
AnserverBot,AnserverBot114.xml,1,1,1,1,1,0,0,1,1,0,0,0,0,1,1,1,0,0,0,0,0,0,1,0
AnserverBot,AnserverBot184.xml,1,1,1,1,1,0,0,1,1,0,0,0,0,1,1,1,0,0,0,0,0,0,1,0
DroidKungFu3,DroidKungFu328.xml,1,1,1,0,0,0,1,0,1,0,1,0,0,0,1,0,0,0,0,0,0,0,0,0
ADRD,ADRD9.xml,1,1,1,0,1,0,0,0,0,0,0,1,0,0,0,0,0,0,0,0,0,0,0,0
DroidKungFu3,DroidKungFu3176.xml,1,1,1,0,0,0,1,0,1,0,1,0,0,0,1,0,0,0,0,0,0,0,0,0
DroidKungFu3,DroidKungFu3223.xml,1,1,1,1,1,0,0,0,0,0,1,0,0,0,0,0,0,0,0,0,0,0,0,0
GPSSMSSpy,GPSSMSSpy5.xml,0,0,0,0,0,0,0,1,0,0,0,0,0,0,0,0,0,0,0,0,0,0,0,0
jSMSHider,jSMSHider4.xml,1,1,1,0,0,0,1,0,1,0,0,0,0,0,0,0,0,0,0,0,0,0,0,0
AnserverBot,AnserverBot85.xml,1,1,1,1,1,0,0,1,1,0,0,0,0,1,1,1,0,0,0,0,0,0,1,0
DroidKungFu3,DroidKungFu3308.xml,1,1,1,1,1,0,1,0,0,1,1,0,0,0,0,0,0,0,0,0,1,0,0,0
DroidDreamLight,DroidDreamLight23.xml,1,1,1,0,1,1,0,0,1,0,0,1,0,0,0,0,0,0,0,0,0,0,0,0
DroidKungFu1,DroidKungFu128.xml,1,1,1,0,0,0,0,0,0,0,1,0,0,0,0,0,0,0,0,0,0,0,0,0
DroidDreamLight,DroidDreamLight30.xml,1,1,1,0,1,1,0,0,1,0,0,0,0,0,1,1,0,0,0,0,0,0,0,0
DroidKungFu3,DroidKungFu391.xml,1,1,1,0,1,0,1,0,1,0,1,0,0,0,1,0,0,0,0,0,0,0,0,0
DroidKungFu3,DroidKungFu327.xml,1,1,1,0,1,0,0,0,0,0,1,0,0,0,0,0,0,0,0,0,0,0,0,0
Pjapps,Pjapps46.xml,1,1,1,1,0,0,0,1,0,0,0,1,0,0,0,0,0,0,0,0,0,0,0,0
jSMSHider,jSMSHider12.xml,1,1,0,0,0,0,1,0,0,0,0,0,0,0,0,0,0,0,0,0,0,0,0,0
Geinimi,Geinimi12.xml,1,0,1,1,0,0,1,1,1,0,0,0,0,1,0,1,0,0,0,0,0,0,0,0
KMin,KMin39.xml,1,1,1,0,0,0,0,1,1,1,0,1,0,1,1,0,0,0,0,0,0,0,0,0
BaseBridge,BaseBridge95.xml,1,1,1,1,1,0,0,1,1,0,0,0,0,1,1,1,0,0,0,0,0,0,1,0
BaseBridge,BaseBridge67.xml,1,1,1,0,0,0,0,0,1,0,0,0,0,0,1,1,0,0,0,0,0,0,0,0
DroidKungFu3,DroidKungFu396.xml,1,1,1,0,1,0,1,0,1,1,1,0,0,0,1,0,0,0,0,0,0,0,0,0
Pjapps,Pjapps21.xml,1,0,1,0,0,0,0,1,0,0,0,0,0,0,0,0,0,0,0,0,0,0,0,0
DroidKungFu3,DroidKungFu3104.xml,1,1,1,0,1,0,0,0,0,1,1,0,0,0,0,0,0,0,0,0,0,0,0,0
DroidKungFu4,DroidKungFu448.xml,1,1,1,1,0,0,1,0,1,1,0,0,0,0,1,0,0,0,0,0,0,0,0,0
AnserverBot,AnserverBot117.xml,1,1,1,1,1,0,0,1,1,0,0,0,0,1,1,1,0,0,0,0,0,0,1,0
Pjapps,Pjapps28.xml,1,0,1,0,0,0,1,1,0,0,0,0,0,0,0,0,0,0,0,0,0,0,0,0
DroidKungFu3,DroidKungFu3225.xml,1,1,1,0,1,0,1,0,1,1,1,0,0,0,1,0,0,0,0,0,0,0,0,0
DroidKungFu3,DroidKungFu358.xml,1,1,1,0,1,0,0,0,0,0,1,0,0,0,0,0,0,0,0,0,0,0,0,0
DroidDreamLight,DroidDreamLight28.xml,1,1,1,0,1,1,0,0,1,0,0,0,0,0,0,0,0,0,0,0,0,0,0,0
YZHC,YZHC4.xml,1,1,1,0,1,0,0,1,1,0,0,0,1,0,1,0,0,0,0,0,0,0,0,0
Geinimi,Geinimi6.xml,1,0,1,1,0,0,1,1,1,0,0,0,0,1,0,1,0,0,0,0,0,0,0,0
Geinimi,Geinimi46.xml,1,0,1,0,0,0,1,1,0,0,0,0,0,1,0,1,0,0,0,0,0,0,0,0
Pjapps,Pjapps52.xml,1,1,1,1,1,0,1,1,1,0,0,1,0,0,1,1,0,0,0,1,0,0,1,0
DroidKungFu4,DroidKungFu471.xml,1,1,1,1,0,0,1,0,1,0,0,0,0,0,1,0,0,0,0,0,0,0,0,0
Pjapps,Pjapps6.xml,1,0,1,0,0,0,1,1,0,0,0,0,0,0,0,0,0,0,0,0,0,0,0,0
ADRD,ADRD8.xml,1,1,1,0,1,0,0,1,1,0,0,0,0,0,1,0,0,0,0,0,0,0,0,0
DroidKungFu3,DroidKungFu3224.xml,1,1,1,0,1,0,1,0,0,0,1,0,0,0,0,0,0,0,0,0,0,0,0,0
DroidKungFu3,DroidKungFu3304.xml,1,1,1,0,1,0,1,0,1,1,1,0,0,0,1,0,0,0,0,0,0,0,0,0
AnserverBot,AnserverBot162.xml,1,1,1,1,1,0,0,1,1,0,0,0,0,1,1,1,0,0,0,0,0,0,1,0
Tapsnake,Tapsnake1.xml,1,0,0,1,1,0,1,0,0,0,0,0,0,0,0,0,0,0,0,0,0,0,0,0
BaseBridge,BaseBridge56.xml,1,1,1,0,0,0,0,0,0,0,0,0,0,0,0,0,0,0,0,0,0,0,0,0
BaseBridge,BaseBridge11.xml,1,1,1,0,0,0,0,0,1,0,0,0,0,0,1,1,0,0,0,0,0,0,0,0
DroidKungFu3,DroidKungFu336.xml,1,1,1,0,0,0,1,0,1,1,1,0,0,0,1,0,0,0,0,0,0,0,0,0
DroidDreamLight,DroidDreamLight11.xml,1,0,1,0,0,0,0,0,0,0,0,1,1,0,0,0,0,0,0,0,0,0,0,0
AnserverBot,AnserverBot161.xml,1,1,1,1,1,0,0,1,1,0,0,0,0,1,1,1,0,0,0,0,0,0,1,0
Geinimi,Geinimi1.xml,1,0,1,0,0,0,1,1,1,0,0,0,0,1,1,1,0,0,0,0,0,0,1,0
KMin,KMin27.xml,1,1,1,0,0,0,0,1,1,1,0,0,0,0,1,0,0,0,0,0,0,0,0,0
GoldDream,GoldDream32.xml,1,1,1,0,1,0,1,0,1,0,0,0,0,0,0,0,0,0,0,0,0,0,0,0
Asroot,Asroot6.xml,0,0,0,0,0,0,0,0,0,0,0,0,0,0,0,0,0,0,0,0,0,0,0,0
DroidKungFu3,DroidKungFu34.xml,1,1,1,0,0,0,1,0,1,1,1,0,0,0,1,0,0,0,0,0,0,0,0,0
DroidKungFu3,DroidKungFu3267.xml,1,1,1,0,1,0,1,0,1,0,1,0,0,0,1,0,0,0,0,0,0,0,0,0
RogueSPPush,RogueSPPush2.xml,1,1,1,0,0,0,0,0,0,0,0,0,0,0,0,0,0,0,0,0,0,0,0,0
DroidKungFu2,DroidKungFu210.xml,1,0,1,0,0,0,0,0,0,0,1,0,0,0,0,0,0,0,0,0,0,0,0,0
ADRD,ADRD5.xml,1,1,1,0,1,0,0,0,0,0,0,0,0,0,0,0,0,0,0,0,0,0,0,0
AnserverBot,AnserverBot86.xml,1,1,1,1,1,0,0,1,1,0,0,0,0,1,1,1,0,0,0,0,0,0,1,0
BaseBridge,BaseBridge14.xml,1,1,1,0,0,0,0,0,1,0,0,0,0,0,1,1,0,0,0,0,0,0,0,0
DroidKungFu3,DroidKungFu324.xml,1,1,1,1,1,1,1,0,1,1,1,1,1,0,1,0,0,0,0,0,0,1,0,0
DroidKungFu3,DroidKungFu320.xml,1,1,1,0,1,0,1,0,1,0,1,0,0,0,1,0,0,0,0,0,0,0,0,0
DroidKungFu3,DroidKungFu3306.xml,1,1,1,0,0,0,1,0,1,1,1,0,0,0,1,0,0,0,0,0,0,0,0,0
DroidKungFu4,DroidKungFu419.xml,1,1,1,1,0,0,1,0,1,0,0,0,0,0,1,0,0,0,0,0,0,0,0,0
DroidKungFu1,DroidKungFu129.xml,1,1,1,0,0,0,0,0,0,0,1,0,0,0,0,0,0,0,0,0,0,0,0,0
DroidKungFu3,DroidKungFu3151.xml,1,1,1,1,1,0,1,0,0,1,1,0,0,0,0,0,0,0,0,0,0,0,0,0
DroidDreamLight,DroidDreamLight13.xml,1,0,1,0,0,0,0,0,0,0,0,0,0,0,0,0,0,0,0,0,0,0,0,0
BaseBridge,BaseBridge36.xml,1,1,1,0,0,0,0,0,1,0,0,0,0,0,1,1,0,0,0,0,0,0,0,0
KMin,KMin2.xml,1,1,1,0,0,0,0,1,1,1,0,1,0,1,1,0,0,0,0,0,0,0,0,0
DroidKungFu3,DroidKungFu3271.xml,1,1,1,0,1,0,0,0,0,1,1,0,0,0,0,0,0,0,0,0,0,0,0,0
AnserverBot,AnserverBot19.xml,1,1,1,1,1,0,0,1,1,0,0,0,0,1,1,1,0,0,0,0,0,0,1,0
BaseBridge,BaseBridge29.xml,1,1,1,1,1,0,0,1,1,0,0,0,0,1,1,1,0,0,0,0,0,0,1,0
DroidDream,DroidDream8.xml,1,0,1,0,0,0,0,0,0,0,1,0,0,0,0,0,0,0,0,0,0,0,0,0
DroidKungFu3,DroidKungFu3113.xml,1,1,1,0,0,0,1,0,1,1,1,0,0,0,1,0,0,0,0,0,0,0,0,0
Pjapps,Pjapps44.xml,1,0,1,0,0,0,0,1,0,0,0,0,0,0,0,0,0,0,0,0,0,0,0,0
GoldDream,GoldDream26.xml,1,1,1,0,1,0,1,0,1,0,0,0,0,0,0,0,0,0,0,0,0,0,0,0
Geinimi,Geinimi38.xml,1,0,1,0,1,0,0,1,0,0,0,0,0,1,0,1,0,0,0,0,0,0,0,0
AnserverBot,AnserverBot135.xml,1,1,1,1,1,0,0,1,1,0,0,0,0,1,1,1,0,0,0,0,0,0,1,0
DroidDreamLight,DroidDreamLight38.xml,1,1,1,0,1,1,0,0,1,0,0,0,0,1,1,0,0,0,0,0,0,0,0,0
DroidKungFu4,DroidKungFu445.xml,1,0,0,1,0,0,0,0,0,0,0,0,0,0,0,0,0,0,0,0,0,0,0,0
DroidKungFu3,DroidKungFu3208.xml,1,1,1,0,1,0,0,0,0,0,1,0,0,0,0,0,0,0,0,0,0,0,0,0
BaseBridge,BaseBridge50.xml,1,1,1,1,1,0,0,1,1,0,0,0,0,1,1,1,0,0,0,0,0,0,1,0
AnserverBot,AnserverBot144.xml,1,1,1,1,1,0,0,1,1,0,0,0,0,1,1,1,0,0,0,0,0,0,1,0
Plankton,Plankton7.xml,1,0,1,0,0,0,0,0,0,0,0,0,0,0,0,0,0,0,0,0,0,0,0,0
AnserverBot,AnserverBot10.xml,1,1,1,1,1,0,1,1,1,0,0,0,0,1,1,1,0,0,0,0,0,0,1,0
SndApps,SndApps6.xml,1,0,1,0,1,1,0,0,0,0,0,0,0,0,0,0,0,0,0,0,0,0,0,0
BaseBridge,BaseBridge89.xml,1,1,1,1,1,0,0,1,1,0,0,0,0,1,1,1,0,0,0,0,0,0,1,0
Geinimi,Geinimi35.xml,1,0,1,0,1,0,0,1,0,0,0,0,0,1,0,1,0,0,0,0,0,0,0,0
GoldDream,GoldDream37.xml,1,0,1,0,1,0,0,0,1,0,0,0,0,0,0,0,0,0,0,0,0,0,0,0
DroidKungFu3,DroidKungFu3248.xml,1,1,1,1,1,0,0,0,0,1,1,0,0,0,0,0,0,0,0,0,0,0,0,0
DroidKungFu3,DroidKungFu319.xml,1,1,1,0,1,0,0,0,0,0,1,0,0,0,0,0,0,0,0,0,0,0,0,0
AnserverBot,AnserverBot1.xml,1,1,1,1,1,0,0,1,1,0,0,0,0,1,1,1,0,0,0,0,0,0,1,0
DroidKungFu1,DroidKungFu14.xml,1,1,1,1,1,0,0,0,0,0,1,0,0,0,0,0,0,0,0,0,0,0,0,0
DroidKungFu4,DroidKungFu495.xml,1,1,1,1,0,0,1,0,1,0,1,0,0,0,1,0,0,0,0,1,0,0,0,0
AnserverBot,AnserverBot75.xml,1,1,1,1,1,0,0,1,1,0,0,0,0,1,1,1,0,0,0,0,0,0,1,0
DroidKungFu3,DroidKungFu3294.xml,1,1,1,0,1,0,1,0,0,0,1,0,0,0,0,0,0,0,0,0,0,0,0,0
Geinimi,Geinimi3.xml,1,0,1,0,0,0,1,1,1,0,0,0,0,1,0,1,0,0,0,0,0,0,0,0
DroidKungFu3,DroidKungFu315.xml,1,1,1,0,1,0,0,0,0,1,1,0,0,0,0,0,0,0,0,0,0,0,0,0
DroidDreamLight,DroidDreamLight6.xml,1,0,1,1,0,0,0,0,0,0,0,0,0,0,0,0,0,0,0,0,0,0,0,0
DroidKungFu4,DroidKungFu413.xml,1,1,1,0,0,0,1,0,1,0,0,0,0,0,1,0,0,0,0,0,0,0,0,0
KMin,KMin4.xml,1,1,1,0,0,0,0,1,1,1,0,1,0,1,1,0,0,0,0,0,0,0,0,0
DroidKungFu3,DroidKungFu3140.xml,1,1,1,0,0,0,1,0,1,1,1,0,0,0,1,0,0,0,0,0,0,0,0,0
YZHC,YZHC19.xml,1,1,1,0,1,0,0,1,1,0,0,0,0,1,1,0,0,0,0,0,0,0,1,0
DroidKungFu3,DroidKungFu335.xml,1,1,1,0,1,0,0,0,0,0,1,0,0,0,0,0,0,0,0,0,0,0,0,0
DroidKungFu3,DroidKungFu325.xml,1,1,1,0,1,0,0,0,0,0,1,0,0,0,0,0,0,0,0,0,0,0,0,0
DroidDreamLight,DroidDreamLight22.xml,1,1,1,1,1,1,0,0,1,0,0,0,0,1,1,1,0,0,0,0,0,0,0,0
DroidKungFu3,DroidKungFu375.xml,1,1,1,0,1,0,0,0,0,1,1,0,0,0,0,0,0,0,0,0,0,0,0,0
DroidDream,DroidDream10.xml,1,1,1,1,0,0,1,0,0,0,1,1,0,0,0,1,0,0,0,0,0,0,0,0
Bgserv,Bgserv6.xml,1,1,1,1,1,0,1,1,0,0,0,0,0,0,0,0,0,0,0,1,0,0,0,0
BaseBridge,BaseBridge71.xml,1,1,1,0,0,0,0,0,1,0,0,0,0,0,1,1,0,0,0,0,0,0,0,0
GoldDream,GoldDream9.xml,1,1,1,0,1,0,1,1,1,0,0,0,0,1,0,0,0,0,0,0,0,0,0,0
DroidKungFu1,DroidKungFu19.xml,1,1,1,0,0,0,0,0,0,0,1,0,0,0,0,0,0,0,0,0,0,0,0,0
Geinimi,Geinimi24.xml,1,0,1,0,0,0,1,1,1,0,0,0,0,1,1,1,0,0,0,0,0,0,1,0
AnserverBot,AnserverBot88.xml,1,1,1,1,1,0,0,1,1,0,0,0,0,1,1,1,0,0,0,0,0,0,1,0
GoldDream,GoldDream12.xml,1,1,1,0,1,0,1,1,1,0,0,0,0,1,0,0,0,0,0,0,0,0,0,0
DroidKungFu3,DroidKungFu390.xml,1,1,1,0,1,0,0,0,0,1,1,0,0,0,0,0,0,0,0,0,0,0,0,0
AnserverBot,AnserverBot81.xml,1,1,1,1,1,0,0,1,1,0,0,0,0,1,1,1,0,0,0,0,0,0,1,0
BeanBot,BeanBot4.xml,1,1,1,1,0,0,0,0,1,0,0,0,0,1,0,0,0,0,0,0,0,0,0,0
DroidKungFu2,DroidKungFu224.xml,1,0,1,0,0,0,0,0,0,0,0,0,0,0,0,0,0,0,0,0,0,0,0,0
AnserverBot,AnserverBot173.xml,1,1,1,1,1,0,0,1,1,0,0,0,0,1,1,1,0,0,0,0,0,0,1,0
DroidKungFu3,DroidKungFu317.xml,1,1,1,0,1,0,0,0,0,0,1,0,0,0,0,0,0,0,0,0,0,0,0,0
Plankton,Plankton1.xml,1,0,1,1,0,0,0,0,0,0,0,0,0,0,0,0,0,0,0,0,0,0,0,0
AnserverBot,AnserverBot60.xml,1,1,1,1,1,0,0,1,1,0,0,0,0,1,1,1,0,0,0,0,0,0,1,0
GoldDream,GoldDream19.xml,1,1,1,0,1,0,1,0,1,0,0,0,0,0,0,0,0,0,0,0,0,0,0,0
ADRD,ADRD15.xml,1,1,1,0,1,0,1,1,1,0,0,1,0,0,1,0,0,0,0,0,0,0,1,0
DroidKungFu3,DroidKungFu310.xml,1,1,1,0,1,0,1,0,0,1,1,0,0,0,0,0,0,0,0,0,0,0,0,0
DroidKungFu4,DroidKungFu447.xml,1,1,1,1,0,0,1,0,1,0,0,0,0,0,1,0,0,0,0,1,0,0,0,0
BaseBridge,BaseBridge16.xml,1,0,1,1,0,0,0,0,0,0,0,0,0,1,0,0,0,0,0,0,1,0,0,0
Gone60,Gone602.xml,1,0,0,0,0,0,0,0,1,0,0,0,0,0,0,0,0,0,0,0,0,0,0,0
SndApps,SndApps2.xml,1,0,1,0,1,1,0,0,0,0,0,0,0,0,0,0,0,0,0,0,0,0,0,0
GoldDream,GoldDream17.xml,1,1,1,0,1,0,1,1,1,0,0,0,0,1,0,0,0,0,0,0,0,0,0,0
DroidKungFu3,DroidKungFu3148.xml,1,1,1,0,0,0,1,0,1,1,1,0,0,0,1,0,0,0,0,0,0,0,0,0
GoldDream,GoldDream39.xml,1,1,1,1,1,1,1,1,1,0,0,0,0,0,0,0,0,0,0,0,0,0,0,0
DroidKungFu3,DroidKungFu3238.xml,1,1,1,0,1,0,0,0,0,1,1,0,0,0,0,0,0,0,0,0,0,0,0,0
Bgserv,Bgserv7.xml,1,1,1,1,1,0,1,1,0,0,0,0,0,0,0,0,0,0,0,1,0,0,0,0
Pjapps,Pjapps43.xml,1,1,1,0,0,0,0,1,0,0,0,0,0,0,0,0,0,0,0,0,0,0,0,0
Geinimi,Geinimi28.xml,1,0,1,0,0,0,1,1,1,0,0,0,0,1,0,1,0,0,0,0,0,0,0,0
GoldDream,GoldDream10.xml,1,1,1,0,1,0,1,0,1,0,0,0,0,0,0,0,0,0,0,0,0,0,0,0
GoldDream,GoldDream15.xml,1,1,0,0,1,0,0,0,1,0,0,0,0,0,0,0,0,0,0,0,0,0,0,0
GoldDream,GoldDream45.xml,1,1,1,1,1,0,1,1,1,0,0,0,0,1,0,0,0,0,0,0,0,0,0,0
BaseBridge,BaseBridge115.xml,1,1,1,0,0,0,0,0,1,0,0,0,0,0,1,1,0,0,0,0,0,0,0,0
GPSSMSSpy,GPSSMSSpy6.xml,0,0,0,0,0,0,0,1,0,0,0,0,0,0,0,0,0,0,0,0,0,0,0,0
AnserverBot,AnserverBot123.xml,1,1,1,1,1,0,0,1,1,0,0,0,0,1,1,1,0,0,0,0,0,0,1,0
Zsone,Zsone9.xml,1,0,0,0,0,0,1,1,0,0,0,0,0,0,0,0,0,0,0,0,0,0,0,0
DroidKungFu3,DroidKungFu3307.xml,1,1,1,1,0,0,1,0,1,0,1,0,0,0,1,0,0,0,0,1,0,0,0,0
AnserverBot,AnserverBot69.xml,1,1,1,1,1,0,0,1,1,0,0,0,0,1,1,1,0,0,0,0,0,0,1,0
KMin,KMin50.xml,1,1,1,0,0,0,0,1,1,1,0,1,0,1,1,0,0,0,0,0,0,0,0,0
AnserverBot,AnserverBot59.xml,1,1,1,1,1,0,0,1,1,0,0,0,0,1,1,1,0,0,0,0,0,0,1,0
Geinimi,Geinimi58.xml,1,0,1,0,0,0,1,1,0,0,0,0,0,1,0,1,0,0,0,0,0,0,0,0
Geinimi,Geinimi36.xml,1,1,1,0,0,0,1,1,1,0,0,0,1,1,1,1,0,0,0,0,0,0,1,0
AnserverBot,AnserverBot28.xml,1,1,1,1,1,0,0,1,1,0,0,0,0,1,1,1,0,0,0,0,0,0,1,0
BaseBridge,BaseBridge6.xml,1,1,1,1,1,0,0,1,1,0,0,0,0,1,1,1,0,0,0,0,0,0,1,0
AnserverBot,AnserverBot38.xml,1,1,1,1,1,0,0,1,1,0,0,0,0,1,1,1,0,0,0,0,0,0,1,0
AnserverBot,AnserverBot93.xml,1,1,1,1,1,0,0,1,1,0,0,0,0,1,1,1,0,0,0,0,0,0,1,0
Zsone,Zsone12.xml,1,0,0,0,0,0,1,1,0,0,0,0,0,0,0,0,0,0,0,0,0,0,1,0
DroidKungFu3,DroidKungFu3127.xml,1,1,1,0,0,0,1,0,1,1,1,0,0,0,1,0,0,0,0,0,0,0,0,0
DroidKungFu3,DroidKungFu3260.xml,1,1,1,0,0,0,1,0,1,1,1,0,0,0,1,0,0,0,0,0,0,0,0,0
AnserverBot,AnserverBot79.xml,1,1,1,1,1,0,0,1,1,0,0,0,0,1,1,1,0,0,0,0,0,0,1,0
BaseBridge,BaseBridge75.xml,1,1,1,1,1,0,0,1,1,0,0,0,0,1,1,1,0,0,0,0,0,0,1,0
KMin,KMin1.xml,1,1,1,0,0,0,0,1,1,0,0,0,0,0,1,0,0,0,0,0,0,0,0,0
AnserverBot,AnserverBot44.xml,1,1,1,1,1,0,0,1,1,0,0,0,0,1,1,1,0,0,0,0,0,0,1,0
DroidKungFu4,DroidKungFu439.xml,1,1,1,0,0,0,1,0,1,0,0,0,0,0,1,0,0,0,0,0,0,0,0,0
DroidKungFu3,DroidKungFu343.xml,1,1,1,0,1,0,1,0,1,0,1,0,0,0,1,0,0,0,0,0,0,0,0,0
DroidKungFu3,DroidKungFu3213.xml,1,1,1,1,1,0,1,0,1,0,1,0,0,0,1,0,0,0,0,0,0,0,0,0
AnserverBot,AnserverBot164.xml,1,1,1,1,1,0,0,1,1,0,0,0,0,1,1,1,0,0,0,0,0,0,1,0
KMin,KMin47.xml,1,1,1,0,0,0,0,1,1,1,0,1,0,1,1,0,0,0,0,0,0,0,0,0
ADRD,ADRD3.xml,1,1,1,0,1,0,1,1,1,0,0,1,0,0,1,0,0,0,0,0,0,0,1,0
DroidKungFu3,DroidKungFu3174.xml,1,1,1,0,1,0,1,0,0,1,1,0,0,0,0,0,0,0,0,0,0,0,0,0
DroidKungFu3,DroidKungFu3193.xml,1,1,1,0,1,0,0,0,0,0,1,0,0,0,0,0,0,0,0,0,0,0,0,0
DroidKungFu3,DroidKungFu3300.xml,1,1,1,0,1,0,1,0,0,1,1,0,0,0,0,0,0,0,0,0,0,0,0,0
KMin,KMin20.xml,1,1,1,0,0,0,0,1,1,1,0,0,0,0,1,0,0,0,0,0,0,0,0,0
KMin,KMin37.xml,1,1,1,0,0,0,0,1,1,1,0,1,0,1,1,0,0,0,0,0,0,0,0,0
DroidKungFu3,DroidKungFu369.xml,1,1,1,0,1,0,1,0,0,1,1,0,0,0,0,0,0,0,0,0,0,0,0,0
DroidKungFu3,DroidKungFu3241.xml,1,1,1,0,0,0,1,1,1,1,1,0,0,0,1,0,0,0,0,0,0,0,0,0
AnserverBot,AnserverBot100.xml,1,1,1,1,1,0,0,1,1,0,0,0,0,1,1,1,0,0,0,0,0,0,1,0
AnserverBot,AnserverBot37.xml,1,1,1,1,1,0,0,1,1,0,0,0,0,1,1,1,0,0,0,0,0,0,1,0
DroidKungFu3,DroidKungFu3125.xml,1,1,1,0,1,0,0,0,0,0,1,0,0,0,0,0,0,0,0,0,0,0,0,0
DroidKungFu4,DroidKungFu453.xml,1,1,1,1,0,0,1,0,1,0,0,0,0,0,1,0,0,0,0,0,0,0,0,0
DroidKungFu3,DroidKungFu3229.xml,1,1,1,0,1,0,0,0,0,0,1,0,0,0,0,0,0,0,0,0,0,0,0,0
DroidDreamLight,DroidDreamLight45.xml,1,0,1,0,0,0,1,0,0,0,0,0,0,0,0,0,0,0,0,0,0,0,0,0
DroidKungFu3,DroidKungFu3280.xml,1,1,1,0,1,0,0,0,0,0,1,0,0,0,0,0,0,0,0,0,0,0,0,0
DroidKungFu3,DroidKungFu3122.xml,1,1,1,1,1,0,0,0,0,1,1,0,0,0,0,0,0,0,0,0,0,0,0,0
DroidKungFu3,DroidKungFu3285.xml,1,1,1,0,1,0,0,0,0,0,1,0,0,0,0,0,0,0,0,0,0,0,0,0
AnserverBot,AnserverBot121.xml,1,1,1,1,1,0,0,1,1,0,0,0,0,1,1,1,0,0,0,0,0,0,1,0
AnserverBot,AnserverBot109.xml,1,1,1,1,1,0,0,1,1,0,0,0,0,1,1,1,0,0,0,0,0,0,1,0
AnserverBot,AnserverBot179.xml,1,1,1,1,1,0,0,1,1,0,0,0,0,1,1,1,0,0,0,0,0,0,1,0
DroidKungFu3,DroidKungFu3303.xml,1,1,1,0,1,0,1,0,0,0,1,0,0,0,0,0,0,0,0,0,0,0,0,0
DroidKungFu4,DroidKungFu485.xml,1,1,1,1,0,0,1,0,1,0,0,0,0,0,1,0,0,0,0,0,0,0,0,0
AnserverBot,AnserverBot31.xml,1,1,1,1,1,0,0,1,1,0,0,0,0,1,1,1,0,0,0,0,0,0,1,0
Geinimi,Geinimi63.xml,1,0,1,0,0,0,1,1,1,0,0,0,1,1,0,1,0,0,0,0,0,0,0,0
BaseBridge,BaseBridge108.xml,1,1,0,0,0,0,1,0,0,0,0,0,0,0,0,0,0,0,0,0,1,0,0,0
DroidDreamLight,DroidDreamLight31.xml,1,1,1,0,1,1,0,0,1,0,0,0,0,0,1,1,0,0,0,0,0,0,0,0
Plankton,Plankton5.xml,1,1,1,0,0,0,0,0,0,0,0,0,0,0,0,0,0,0,0,0,0,0,0,0
BaseBridge,BaseBridge116.xml,1,1,1,0,1,0,1,1,1,0,0,0,0,0,1,0,0,0,0,0,0,0,1,0
AnserverBot,AnserverBot116.xml,1,1,1,1,1,0,0,1,1,0,0,0,0,1,1,1,0,0,0,0,0,0,1,0
DroidKungFu3,DroidKungFu372.xml,1,1,1,0,1,0,0,0,0,0,1,0,0,0,0,0,0,0,0,0,0,0,0,0
BaseBridge,BaseBridge65.xml,1,1,1,0,0,0,0,0,1,0,0,0,0,0,1,1,0,0,0,0,0,0,0,0
DroidKungFu3,DroidKungFu342.xml,1,1,1,0,1,0,1,0,0,0,1,0,0,0,0,0,0,0,0,0,0,0,0,0
DroidKungFu3,DroidKungFu3292.xml,1,1,1,0,1,0,1,0,1,0,1,0,0,0,1,0,0,0,0,0,0,0,0,0
DroidKungFu4,DroidKungFu432.xml,1,1,1,0,0,0,1,0,1,0,0,0,0,0,1,0,0,0,0,0,0,0,0,0
RogueSPPush,RogueSPPush5.xml,1,1,1,0,0,0,0,0,0,0,0,0,0,0,0,0,0,0,0,0,0,0,0,0
DroidKungFu3,DroidKungFu3170.xml,1,1,1,0,0,0,1,0,1,0,1,0,0,0,1,0,0,0,0,0,0,0,0,0
BaseBridge,BaseBridge113.xml,1,1,1,0,1,0,0,0,1,0,0,0,0,0,1,1,0,0,0,0,0,0,0,0
Geinimi,Geinimi23.xml,1,0,1,0,1,0,1,1,1,1,0,0,0,1,0,1,0,0,0,0,0,0,1,0
DroidKungFu3,DroidKungFu3197.xml,1,1,1,0,1,0,1,0,0,1,1,0,0,0,0,0,0,0,0,0,0,0,0,0
Geinimi,Geinimi57.xml,1,0,1,0,0,0,1,1,1,0,0,0,0,1,0,1,0,0,0,0,0,0,0,0
AnserverBot,AnserverBot90.xml,1,1,1,1,1,0,0,1,1,0,0,0,0,1,1,1,0,0,0,0,0,0,1,0
RogueLemon,RogueLemon1.xml,1,1,1,1,0,0,0,1,0,0,1,0,0,0,0,0,0,0,0,1,0,0,0,0
BaseBridge,BaseBridge84.xml,1,0,1,0,0,0,1,0,0,0,1,0,0,0,0,0,0,0,0,0,0,0,0,0
GoldDream,GoldDream8.xml,1,1,1,0,1,0,1,1,1,0,0,0,0,1,0,0,0,0,0,0,0,0,0,0
jSMSHider,jSMSHider6.xml,1,1,0,0,0,0,1,0,0,0,0,0,0,0,0,0,0,0,0,0,0,0,0,0
Pjapps,Pjapps45.xml,1,0,1,0,0,0,0,1,0,0,0,0,0,0,0,0,0,0,0,0,0,0,0,0
DroidDreamLight,DroidDreamLight39.xml,1,1,1,0,1,1,1,0,1,0,0,0,0,0,0,0,0,0,0,0,0,0,0,0
BaseBridge,BaseBridge61.xml,1,1,1,1,1,0,0,1,1,0,0,0,0,1,1,1,0,0,0,0,0,0,1,0
DroidKungFu3,DroidKungFu3220.xml,1,1,1,0,1,0,1,0,1,1,1,0,0,0,1,0,0,0,0,0,0,0,0,0
KMin,KMin8.xml,1,1,1,0,0,0,0,1,1,0,0,0,0,0,1,0,0,0,0,0,0,0,0,0
SndApps,SndApps8.xml,1,0,1,0,1,1,0,0,0,0,0,0,0,0,0,0,0,0,0,0,0,0,0,0
AnserverBot,AnserverBot71.xml,1,1,1,1,1,0,0,1,1,0,0,0,0,1,1,1,0,0,0,0,0,0,1,0
DroidKungFu4,DroidKungFu45.xml,1,1,1,0,0,0,1,0,1,0,0,0,0,0,1,0,0,0,0,0,0,0,0,0
DroidKungFu3,DroidKungFu3149.xml,1,1,1,0,1,0,0,0,0,0,1,0,0,0,0,0,0,0,0,0,0,0,0,0
AnserverBot,AnserverBot78.xml,1,1,1,1,1,0,0,1,1,0,0,0,0,1,1,1,0,0,0,0,0,0,1,0
DroidKungFu3,DroidKungFu3279.xml,1,1,1,1,1,0,1,0,0,1,1,0,0,0,0,0,0,0,0,0,1,0,0,0
BaseBridge,BaseBridge58.xml,1,1,1,0,0,0,0,0,1,0,0,0,0,0,1,1,0,0,0,0,0,0,0,0
DroidKungFu3,DroidKungFu3262.xml,1,1,1,0,1,0,1,0,1,0,1,0,0,0,1,0,0,0,0,0,0,0,0,0
DroidKungFu3,DroidKungFu3207.xml,1,1,1,0,1,0,0,0,0,0,1,0,0,0,0,0,0,0,0,0,0,0,0,0
AnserverBot,AnserverBot165.xml,1,1,1,1,1,0,0,1,1,0,0,0,0,1,1,1,0,0,0,0,0,0,1,0
KMin,KMin19.xml,1,1,1,0,0,0,0,1,1,1,0,1,0,1,1,0,0,0,0,0,0,0,0,0
ADRD,ADRD17.xml,1,1,1,0,1,0,1,1,1,0,0,1,0,0,1,0,0,0,0,0,0,0,1,0
DroidKungFu4,DroidKungFu49.xml,1,0,0,1,0,0,0,0,0,0,0,0,0,0,0,0,0,0,0,0,0,0,0,0
DroidKungFu3,DroidKungFu3253.xml,1,1,1,0,0,0,1,0,1,1,1,0,0,0,1,0,0,0,0,0,0,0,0,0
DroidKungFu3,DroidKungFu383.xml,1,1,1,1,1,0,1,0,0,0,1,0,0,0,0,0,0,0,0,0,1,0,0,0
AnserverBot,AnserverBot183.xml,1,1,1,1,1,0,0,1,1,1,0,0,0,1,1,1,0,0,0,0,0,0,1,0
DroidKungFu3,DroidKungFu3109.xml,1,1,1,0,1,0,1,0,0,1,1,0,0,0,0,0,0,0,0,0,0,0,0,0
Gone60,Gone607.xml,1,0,0,0,0,0,0,0,1,0,0,0,0,0,0,0,0,0,0,0,0,0,0,0
KMin,KMin40.xml,1,1,1,0,0,0,0,1,1,1,0,1,0,1,1,0,0,0,0,0,0,0,0,0
BaseBridge,BaseBridge66.xml,1,1,1,0,0,0,0,0,1,0,0,0,0,0,1,1,0,0,0,0,0,0,0,0
jSMSHider,jSMSHider1.xml,1,1,1,0,0,0,1,0,0,0,0,0,0,0,0,0,0,0,0,0,0,0,0,0
BaseBridge,BaseBridge118.xml,1,1,1,1,1,0,0,1,1,0,0,0,0,1,1,1,0,0,0,0,0,0,1,0
AnserverBot,AnserverBot57.xml,1,1,1,1,1,0,0,1,1,0,0,0,0,1,1,1,0,0,0,0,0,0,1,0
DroidKungFu4,DroidKungFu46.xml,1,1,1,1,0,0,1,0,1,0,0,0,0,0,1,0,0,0,0,0,0,0,0,0
DroidKungFu2,DroidKungFu23.xml,1,1,1,0,0,0,1,0,0,0,1,0,0,0,0,0,0,0,0,0,0,0,0,0
DroidDream,DroidDream9.xml,1,0,1,0,0,0,1,0,0,0,1,0,0,0,0,0,0,0,0,0,0,0,0,0
AnserverBot,AnserverBot4.xml,1,1,1,1,1,0,0,1,1,0,0,0,0,1,1,1,0,0,0,0,0,0,1,0
DroidKungFu3,DroidKungFu3204.xml,1,1,1,1,1,0,1,0,0,1,1,0,0,0,0,0,0,0,0,0,1,0,0,0
DroidKungFu2,DroidKungFu230.xml,1,0,1,0,0,0,0,0,0,0,1,0,0,0,0,0,0,0,0,0,0,0,0,0
DroidKungFu3,DroidKungFu3143.xml,1,1,1,0,1,0,0,0,0,0,1,0,0,0,0,0,0,0,0,0,0,0,0,0
FakePlayer,FakePlayer5.xml,0,0,0,0,0,0,0,1,0,0,0,0,0,0,0,0,0,0,0,0,0,0,0,0
CruseWin,CruseWin2.xml,1,0,1,0,0,0,0,1,1,0,0,0,0,0,1,0,0,0,0,0,0,0,0,0
NickyBot,NickyBot1.xml,1,0,1,1,0,0,1,1,1,0,0,1,0,0,1,1,0,0,0,0,1,0,0,0
DroidKungFu3,DroidKungFu318.xml,1,1,1,0,1,0,0,0,0,0,1,0,0,0,0,0,0,0,0,0,0,0,0,0
Plankton,Plankton11.xml,1,0,1,0,0,0,0,0,0,0,0,0,0,0,0,0,0,0,0,0,0,0,0,0
Pjapps,Pjapps42.xml,1,0,1,0,0,0,1,1,0,0,0,0,0,0,0,0,0,0,0,0,0,0,0,0
Geinimi,Geinimi39.xml,1,0,1,0,0,0,1,1,1,0,0,0,0,1,0,1,0,0,0,0,0,0,1,0
Pjapps,Pjapps17.xml,1,1,1,1,1,0,1,1,1,0,0,1,0,0,1,1,0,0,0,1,0,0,1,0
Geinimi,Geinimi48.xml,1,0,1,0,0,0,1,1,1,0,0,0,0,1,1,1,0,0,0,0,0,0,1,0
AnserverBot,AnserverBot56.xml,1,1,1,1,1,0,0,1,1,0,0,0,0,1,1,1,0,0,0,0,0,0,1,0
AnserverBot,AnserverBot181.xml,1,1,1,1,1,0,0,1,1,0,0,0,0,1,1,1,0,0,0,0,0,0,1,0
BaseBridge,BaseBridge4.xml,1,1,0,0,0,0,0,0,1,0,0,0,0,0,1,0,0,0,0,0,0,0,0,0
BaseBridge,BaseBridge46.xml,0,0,0,1,0,0,0,0,0,0,0,0,0,1,0,0,0,0,0,0,1,0,0,0
Pjapps,Pjapps32.xml,1,0,1,0,1,0,0,1,0,0,0,0,0,0,0,0,0,0,0,0,0,0,0,0
BaseBridge,BaseBridge21.xml,1,1,1,0,0,0,0,0,1,0,0,0,0,0,1,1,0,0,0,0,0,0,0,0
DroidKungFu3,DroidKungFu3128.xml,1,1,1,0,0,0,1,0,1,1,1,0,0,0,1,0,0,0,0,0,0,0,0,0
Pjapps,Pjapps58.xml,1,0,1,0,1,0,0,1,0,0,0,0,0,0,0,0,0,0,0,0,0,0,0,0
BaseBridge,BaseBridge93.xml,1,1,1,0,0,0,0,0,0,0,0,0,0,0,0,0,0,0,0,0,0,0,0,0
Zsone,Zsone11.xml,1,0,0,0,0,0,1,1,0,0,0,0,0,0,0,0,0,0,0,0,0,0,1,0
Pjapps,Pjapps3.xml,1,0,1,0,0,0,0,1,0,0,0,0,0,0,0,0,0,0,0,0,0,0,0,0
BaseBridge,BaseBridge73.xml,1,1,1,1,1,0,0,1,1,0,0,0,0,1,1,1,0,0,0,0,0,0,1,0
DroidKungFu3,DroidKungFu397.xml,1,1,1,0,1,0,0,0,0,0,1,0,0,0,0,0,0,0,0,0,0,0,0,0
BeanBot,BeanBot7.xml,1,1,1,1,0,0,0,0,1,0,0,0,0,1,0,0,0,0,0,0,0,0,0,0
DroidDream,DroidDream7.xml,1,0,1,0,0,0,0,0,0,1,1,0,0,0,0,0,0,0,0,0,0,0,1,0
DroidKungFu3,DroidKungFu356.xml,1,0,1,0,1,0,0,0,0,0,1,0,0,0,0,0,0,0,0,0,0,0,0,0
DroidDreamLight,DroidDreamLight2.xml,1,0,1,0,0,0,0,0,0,0,0,0,0,0,0,1,0,0,0,0,0,0,0,0
Bgserv,Bgserv1.xml,1,1,1,1,1,0,1,1,0,0,0,0,0,0,0,0,0,0,0,1,0,0,0,0
YZHC,YZHC20.xml,1,1,1,0,1,0,0,1,1,0,0,0,0,1,1,0,0,0,0,0,0,0,1,0
Geinimi,Geinimi30.xml,1,0,1,0,0,0,1,1,1,0,0,0,0,1,1,1,0,0,0,0,0,0,1,0
DroidKungFu4,DroidKungFu490.xml,1,1,1,0,0,0,1,0,1,0,0,0,0,0,1,0,0,0,0,0,0,0,0,0
DroidKungFu4,DroidKungFu492.xml,1,1,1,1,0,0,1,0,1,0,0,0,0,0,1,0,0,0,0,0,0,0,0,0
AnserverBot,AnserverBot127.xml,1,1,1,1,1,0,0,1,1,0,0,0,0,1,1,1,0,0,0,0,0,0,1,0
DroidKungFu4,DroidKungFu469.xml,1,1,1,1,0,0,1,0,1,0,0,0,0,0,1,0,0,0,0,0,0,0,0,0
DroidKungFu4,DroidKungFu427.xml,1,1,1,1,0,0,1,0,1,0,0,0,0,0,1,0,0,0,0,0,0,0,0,0
jSMSHider,jSMSHider8.xml,1,1,1,0,0,0,1,0,0,0,0,0,0,0,0,0,0,0,0,0,0,0,0,0
jSMSHider,jSMSHider9.xml,1,1,0,0,0,0,1,0,0,0,0,0,0,0,0,0,0,0,0,0,0,0,0,0
DroidKungFu4,DroidKungFu458.xml,1,1,1,0,0,0,1,0,1,0,0,0,0,0,1,0,0,0,0,0,0,0,0,0
KMin,KMin44.xml,1,1,1,0,0,0,0,1,1,1,0,1,0,1,1,0,0,0,0,0,0,0,0,0
AnserverBot,AnserverBot55.xml,1,1,1,1,1,0,0,1,1,0,0,0,0,1,1,1,0,0,0,0,0,0,1,0
Zsone,Zsone8.xml,1,0,0,0,0,0,1,1,0,0,0,0,0,0,0,0,0,0,0,0,0,0,1,0
GingerMaster,GingerMaster3.xml,1,1,1,0,1,0,0,0,0,0,0,1,0,0,0,0,0,0,0,0,0,0,1,0
GoldDream,GoldDream27.xml,1,1,1,0,1,0,1,1,1,0,0,0,0,1,0,0,0,0,0,0,0,0,0,0
DroidKungFu1,DroidKungFu11.xml,1,1,1,0,0,0,0,0,0,0,1,0,0,0,0,0,0,0,0,0,0,0,0,0
jSMSHider,jSMSHider5.xml,1,1,0,0,0,0,1,0,0,0,0,0,0,0,0,0,0,0,0,0,0,0,0,0
KMin,KMin24.xml,1,1,1,0,0,0,0,1,1,0,0,0,0,0,1,0,0,0,0,0,0,0,0,0
GoldDream,GoldDream35.xml,1,1,1,0,1,0,0,0,1,0,0,0,0,0,0,0,0,0,0,0,0,0,0,0
AnserverBot,AnserverBot157.xml,1,1,1,1,1,0,0,1,1,0,0,0,0,1,1,1,0,0,0,0,0,0,1,0
DroidKungFu3,DroidKungFu3180.xml,1,1,1,0,0,0,1,0,1,0,1,0,0,0,1,0,0,0,0,0,0,0,0,0
AnserverBot,AnserverBot105.xml,1,1,1,1,1,0,0,1,1,0,0,0,0,1,1,1,0,0,0,0,0,0,1,0
DroidKungFu3,DroidKungFu3169.xml,1,1,1,0,1,0,0,0,0,0,1,0,0,0,0,0,0,0,0,0,0,0,0,0
FakePlayer,FakePlayer3.xml,0,0,0,0,0,0,0,1,0,0,0,0,0,0,0,0,0,0,0,0,0,0,0,0
AnserverBot,AnserverBot35.xml,1,1,1,1,1,0,0,1,1,0,0,0,0,1,1,1,0,0,0,0,0,0,1,0
YZHC,YZHC15.xml,1,1,1,0,1,0,0,1,1,0,0,0,0,1,1,0,0,0,0,0,0,0,1,0
Geinimi,Geinimi67.xml,1,1,1,0,0,0,1,1,1,0,0,0,0,1,1,1,0,0,0,0,0,0,1,0
BaseBridge,BaseBridge79.xml,1,1,1,1,1,0,0,1,1,0,0,0,0,1,1,1,0,0,0,0,0,0,0,0
Geinimi,Geinimi20.xml,1,0,1,0,0,0,1,1,1,0,0,0,0,1,1,1,0,0,0,0,0,0,1,0
Asroot,Asroot4.xml,0,0,0,0,0,0,0,0,0,0,0,0,1,0,0,0,0,0,0,0,0,0,0,0
AnserverBot,AnserverBot12.xml,1,1,1,1,1,0,0,1,1,0,0,0,0,1,1,1,0,0,0,0,0,0,1,0
YZHC,YZHC16.xml,1,1,1,0,1,0,0,1,1,0,0,0,0,1,1,0,0,0,0,0,0,0,0,0
DroidKungFu3,DroidKungFu3281.xml,1,1,1,0,1,0,1,0,1,0,1,0,0,0,1,0,0,0,0,0,0,0,0,0
AnserverBot,AnserverBot172.xml,1,1,1,1,1,0,0,1,1,0,0,0,0,1,1,1,0,0,0,0,0,0,1,0
KMin,KMin38.xml,1,1,1,0,0,0,0,1,1,1,0,1,0,1,1,0,0,0,0,0,0,0,0,0
AnserverBot,AnserverBot48.xml,1,1,1,1,1,0,0,1,1,1,0,0,0,1,1,1,0,0,0,0,0,0,1,0
AnserverBot,AnserverBot120.xml,1,1,1,1,1,0,0,1,1,0,0,0,0,1,1,1,0,0,0,0,0,0,1,0
AnserverBot,AnserverBot24.xml,1,1,1,1,1,0,0,1,1,0,0,0,0,1,1,1,0,0,0,0,0,0,1,0
jSMSHider,jSMSHider15.xml,1,1,0,0,0,0,1,0,0,0,0,0,0,0,0,0,0,0,0,0,0,0,0,0
BaseBridge,BaseBridge19.xml,1,1,1,1,1,0,0,1,1,0,0,0,0,1,1,1,0,0,0,0,0,0,1,0
AnserverBot,AnserverBot30.xml,1,1,1,1,1,0,0,1,1,0,0,0,0,1,1,1,0,0,0,0,0,0,1,0
DroidKungFu3,DroidKungFu3234.xml,1,1,1,0,0,0,1,0,1,1,1,0,0,0,1,0,0,0,0,0,0,0,0,0
KMin,KMin43.xml,1,1,1,0,0,0,0,1,1,1,0,1,0,1,1,0,0,0,0,0,0,0,0,0
DroidKungFu3,DroidKungFu3277.xml,1,1,1,0,0,0,1,0,1,1,1,0,0,0,1,0,0,0,0,0,0,0,0,0
DroidKungFu3,DroidKungFu346.xml,1,1,1,0,1,0,0,0,0,0,1,0,0,0,0,0,0,0,0,0,0,0,0,0
DroidDreamLight,DroidDreamLight7.xml,1,1,1,0,1,1,0,0,1,0,0,0,0,0,0,0,0,0,0,0,0,0,0,0
DroidKungFu1,DroidKungFu125.xml,1,1,1,0,0,0,0,0,0,0,1,0,0,0,0,0,0,0,0,0,0,0,0,0
DroidKungFu3,DroidKungFu3242.xml,1,1,1,0,1,0,0,0,0,0,1,0,0,0,0,0,0,0,0,0,0,0,0,0
BaseBridge,BaseBridge22.xml,1,1,1,0,0,0,0,0,1,0,0,0,0,0,1,1,0,0,0,0,0,0,0,0
DroidKungFu3,DroidKungFu393.xml,1,1,1,0,0,0,0,0,0,0,1,0,0,0,0,0,0,0,0,0,0,0,0,0
DroidKungFu3,DroidKungFu3144.xml,1,1,1,0,1,0,0,0,0,1,1,0,0,0,0,0,0,0,0,0,0,0,0,0
Pjapps,Pjapps9.xml,1,0,1,0,1,0,0,1,0,0,0,0,0,0,0,0,0,0,0,0,1,0,0,0
DroidKungFu3,DroidKungFu3163.xml,1,1,1,0,1,0,1,0,1,0,1,0,0,0,1,0,0,0,0,0,0,0,0,0
Geinimi,Geinimi18.xml,1,0,1,0,0,0,1,1,1,0,0,0,0,1,0,1,0,0,0,0,0,0,0,0
Pjapps,Pjapps13.xml,1,1,1,1,1,0,1,1,1,0,0,1,0,0,1,1,0,0,0,1,0,0,1,0
YZHC,YZHC11.xml,1,1,1,0,1,0,0,1,1,0,0,0,0,1,1,1,0,0,0,0,1,0,1,0
DroidKungFu3,DroidKungFu3214.xml,1,1,1,0,1,0,1,0,0,1,1,0,0,0,0,0,0,0,0,0,0,0,0,0
Geinimi,Geinimi50.xml,1,1,1,1,0,0,1,1,1,0,0,0,1,1,0,1,0,0,0,0,0,0,0,0
AnserverBot,AnserverBot146.xml,1,1,1,1,1,0,0,1,1,0,0,0,0,1,1,1,0,0,0,0,0,0,1,0
AnserverBot,AnserverBot40.xml,1,1,1,1,1,0,0,1,1,0,0,0,0,1,1,1,0,0,0,0,0,0,1,0
Pjapps,Pjapps30.xml,1,1,1,1,0,0,0,1,0,0,1,0,0,0,0,0,0,0,0,1,0,0,0,0
YZHC,YZHC2.xml,1,1,1,0,1,0,0,1,1,0,0,0,0,1,1,0,0,0,0,0,0,0,0,0
DroidKungFu3,DroidKungFu339.xml,1,1,1,0,1,0,1,0,1,0,1,0,0,0,1,0,0,0,0,0,0,0,0,0
KMin,KMin21.xml,1,1,1,0,0,0,0,1,1,1,0,1,0,1,1,0,0,0,0,0,0,0,0,0
GGTracker,GGTracker1.xml,1,1,1,0,1,0,0,1,1,0,1,0,0,0,0,0,0,0,0,1,0,0,0,0
DroidKungFu1,DroidKungFu130.xml,1,1,1,0,0,0,1,0,0,0,1,0,0,0,0,0,0,0,0,0,0,0,0,0
RogueLemon,RogueLemon2.xml,1,1,1,1,0,0,0,1,0,0,0,1,0,0,0,0,0,0,0,0,0,0,0,0
Bgserv,Bgserv9.xml,1,1,1,1,1,0,1,1,0,0,0,0,0,0,0,0,0,0,0,1,0,0,0,0
DroidKungFu2,DroidKungFu213.xml,1,0,1,0,1,0,0,0,0,0,1,0,0,0,0,0,0,0,0,0,0,0,0,0
Asroot,Asroot5.xml,0,0,0,0,0,0,0,0,0,0,0,0,0,0,0,0,0,0,0,0,0,0,0,0
Pjapps,Pjapps11.xml,1,0,1,0,0,0,0,1,0,0,0,0,0,0,0,0,0,0,0,0,0,0,0,0
BaseBridge,BaseBridge43.xml,1,1,1,1,1,0,0,1,1,0,0,0,0,1,1,1,0,0,0,0,0,0,1,0
DroidKungFu3,DroidKungFu3293.xml,1,1,1,0,1,0,0,1,0,1,1,0,0,0,0,0,0,0,0,0,0,0,0,0
DroidKungFu3,DroidKungFu3158.xml,1,1,1,0,1,0,0,0,0,0,1,0,0,1,0,0,0,0,0,0,0,0,1,0
DroidKungFu3,DroidKungFu3272.xml,1,1,1,0,1,0,0,0,0,0,1,0,0,0,0,0,0,0,0,0,0,0,0,0
DroidKungFu3,DroidKungFu3124.xml,1,1,1,0,0,0,1,0,1,0,1,0,0,0,1,0,0,0,0,0,0,0,0,0
DroidKungFu3,DroidKungFu3195.xml,1,1,1,0,1,0,0,0,0,0,1,0,0,0,0,0,0,0,0,0,0,0,0,0
Zsone,Zsone4.xml,1,0,0,0,0,0,1,1,0,0,0,0,0,0,0,0,0,0,0,0,0,0,1,0
DroidKungFu4,DroidKungFu449.xml,1,1,1,1,0,0,1,0,1,0,0,0,0,0,1,0,0,0,0,1,0,0,0,0
BaseBridge,BaseBridge90.xml,1,1,0,0,0,0,0,0,0,0,0,0,0,0,0,0,0,0,0,0,0,0,0,0
BaseBridge,BaseBridge80.xml,1,1,1,0,0,0,0,0,1,0,0,0,0,0,1,1,0,0,0,0,0,0,0,0
AnserverBot,AnserverBot140.xml,1,1,1,1,1,0,0,1,1,0,0,0,0,1,1,1,0,0,0,0,0,0,1,0
KMin,KMin41.xml,1,1,1,0,0,0,0,1,1,1,0,0,0,0,1,0,0,0,0,0,0,0,0,0
FakePlayer,FakePlayer1.xml,0,0,0,0,0,0,0,1,0,0,0,0,0,0,0,0,0,0,0,0,0,0,0,0
KMin,KMin10.xml,1,1,1,0,0,0,0,1,1,1,0,1,0,1,1,0,0,0,0,0,0,0,0,0
DroidKungFu3,DroidKungFu3177.xml,1,1,1,0,1,0,1,0,1,0,1,0,0,0,1,0,0,0,0,0,0,0,0,0
DroidKungFu3,DroidKungFu3123.xml,1,1,1,1,0,0,1,0,1,0,1,0,0,0,1,0,0,0,0,1,0,0,0,0
DroidKungFu3,DroidKungFu3254.xml,1,1,1,0,1,0,0,0,0,0,1,0,0,0,0,0,0,0,0,0,0,0,0,0
DroidKungFu3,DroidKungFu365.xml,1,1,1,0,0,0,1,0,1,1,1,0,0,0,1,0,0,0,0,0,0,0,0,0
KMin,KMin31.xml,1,1,1,0,0,0,0,1,1,1,0,1,0,1,1,0,0,0,0,0,0,0,0,0
DroidKungFu3,DroidKungFu3236.xml,1,1,1,0,0,0,1,0,1,0,1,0,0,0,1,0,0,0,0,0,0,0,0,0
DroidKungFu3,DroidKungFu3235.xml,1,1,1,0,0,0,1,0,1,0,1,0,0,0,1,0,0,0,0,0,0,0,0,0
DroidKungFu3,DroidKungFu3159.xml,1,1,1,0,1,0,1,0,0,1,1,0,0,0,0,0,0,0,0,0,0,0,0,0
HippoSMS,HippoSMS2.xml,1,1,0,0,1,0,0,1,1,0,0,0,0,0,1,0,0,0,0,0,0,0,0,0
DroidKungFu3,DroidKungFu3290.xml,1,1,1,0,1,0,1,0,1,0,1,0,0,0,1,0,0,0,0,0,0,0,0,0
Pjapps,Pjapps20.xml,1,0,1,0,0,0,0,1,0,0,0,0,0,0,0,0,0,0,0,0,0,0,0,0
KMin,KMin28.xml,1,1,1,0,0,0,0,1,1,1,0,1,0,1,1,0,0,0,0,0,0,0,0,0
AnserverBot,AnserverBot65.xml,1,1,1,1,1,0,0,1,1,0,0,0,0,1,1,1,0,0,0,0,0,0,1,0
GingerMaster,GingerMaster2.xml,1,1,1,0,1,0,0,0,0,0,0,1,0,0,0,0,0,0,0,0,0,0,1,0
DroidKungFu4,DroidKungFu482.xml,1,1,1,1,0,0,1,0,1,1,0,0,0,0,1,0,0,0,0,0,0,0,0,0
DroidKungFu2,DroidKungFu219.xml,1,1,1,0,0,0,0,0,0,0,1,0,0,1,0,0,0,0,0,0,0,0,0,0
Pjapps,Pjapps8.xml,1,0,1,0,0,0,0,1,0,0,0,0,0,0,0,0,0,0,0,0,0,0,0,0
GoldDream,GoldDream46.xml,1,1,1,0,1,0,1,0,1,0,0,0,0,0,0,0,0,0,0,0,0,0,0,0
Pjapps,Pjapps22.xml,1,1,1,1,1,0,1,1,1,0,0,1,0,0,1,1,0,0,0,1,0,0,1,0
BaseBridge,BaseBridge81.xml,1,1,1,0,0,0,0,0,1,0,0,0,0,0,1,1,0,0,0,0,0,0,0,0
BaseBridge,BaseBridge31.xml,1,1,1,1,1,0,0,1,1,0,0,0,0,1,1,1,0,0,0,0,0,0,1,0
DroidKungFu2,DroidKungFu216.xml,1,0,1,0,0,0,0,0,0,0,0,0,0,0,0,0,0,0,0,0,0,0,0,0
DroidKungFu4,DroidKungFu426.xml,1,1,1,1,1,0,1,0,1,0,0,0,0,0,1,0,0,0,0,0,0,0,0,0
BaseBridge,BaseBridge3.xml,1,1,1,0,0,0,0,0,1,0,0,0,0,0,1,1,0,0,0,0,0,0,0,0
AnserverBot,AnserverBot20.xml,1,1,1,1,1,0,0,1,1,0,0,0,0,1,1,1,0,0,0,0,0,0,1,0
AnserverBot,AnserverBot171.xml,1,1,1,1,1,0,0,1,1,0,0,0,0,1,1,1,0,0,0,0,0,0,1,0
BaseBridge,BaseBridge42.xml,1,1,1,0,0,0,0,0,1,0,0,0,0,0,1,1,0,0,0,0,0,0,0,0
DroidKungFu3,DroidKungFu3141.xml,1,1,1,0,1,0,1,0,1,0,1,0,0,0,1,0,0,0,0,0,0,0,0,0
DroidKungFu3,DroidKungFu3305.xml,1,1,1,0,1,0,0,1,0,1,1,0,0,0,0,0,0,0,0,0,0,0,0,0
CoinPirate,CoinPirate1.xml,1,1,1,1,1,0,0,1,0,0,1,0,0,0,1,0,0,0,0,1,0,0,0,0
DroidKungFu2,DroidKungFu24.xml,1,0,1,0,0,0,0,0,0,0,0,0,0,0,0,0,0,0,0,0,0,0,0,0
BaseBridge,BaseBridge104.xml,1,1,1,1,1,0,0,1,1,0,0,0,0,1,1,1,0,0,0,0,0,0,1,0
ADRD,ADRD14.xml,1,1,1,0,1,0,0,1,1,0,0,0,0,0,1,0,0,0,0,0,0,0,0,0
GoldDream,GoldDream22.xml,1,1,1,0,1,0,1,1,1,0,0,0,0,1,0,0,0,0,0,0,0,0,0,0
AnserverBot,AnserverBot54.xml,1,1,1,1,1,0,0,1,1,0,0,0,0,1,1,1,0,0,0,0,0,0,1,0
AnserverBot,AnserverBot16.xml,1,1,1,1,1,0,0,1,1,0,0,0,0,1,1,1,0,0,0,0,0,0,1,0
DroidKungFu4,DroidKungFu489.xml,1,1,1,1,0,0,1,0,1,0,0,0,0,0,1,0,0,0,0,0,0,0,0,0
DroidDreamLight,DroidDreamLight20.xml,1,1,1,1,1,1,0,0,1,0,0,0,0,1,0,1,0,0,0,0,0,0,0,0
AnserverBot,AnserverBot26.xml,1,1,1,1,1,0,0,1,1,0,0,0,0,1,1,1,0,0,0,0,0,0,1,0
DroidKungFu3,DroidKungFu3243.xml,1,1,1,0,1,0,0,0,0,0,1,0,0,0,0,0,0,0,0,0,0,0,0,0
AnserverBot,AnserverBot72.xml,1,1,1,1,1,0,0,1,1,0,0,0,0,1,1,1,0,0,0,0,0,0,1,0
DroidKungFu2,DroidKungFu215.xml,1,0,1,0,0,0,0,0,0,0,1,0,0,0,0,0,0,0,0,0,0,0,0,0
DroidKungFu2,DroidKungFu222.xml,1,0,1,0,0,0,0,0,0,0,0,0,0,0,0,0,0,0,0,0,0,0,0,0
DroidKungFu3,DroidKungFu3283.xml,1,1,1,0,1,0,0,0,0,0,1,0,0,0,0,0,0,0,0,0,0,0,0,0
Pjapps,Pjapps34.xml,1,1,1,1,0,0,0,1,0,0,1,0,0,0,0,0,0,0,0,1,0,0,0,0
DroidKungFu3,DroidKungFu3206.xml,1,1,1,0,1,0,0,0,0,0,1,0,0,0,0,0,0,0,0,0,0,0,0,0
DroidKungFu4,DroidKungFu44.xml,1,1,1,0,0,0,1,0,1,0,0,0,0,0,1,0,0,0,0,0,0,0,0,0
DroidKungFu3,DroidKungFu3111.xml,1,1,1,0,1,0,0,0,0,0,1,0,0,0,0,0,0,0,0,0,0,0,0,0
BaseBridge,BaseBridge103.xml,1,1,1,0,0,0,0,0,1,0,0,0,0,0,1,1,0,0,0,0,0,0,0,0
Gone60,Gone603.xml,1,0,0,0,0,0,0,0,1,0,0,0,0,0,0,0,0,0,0,0,0,0,0,0
Plankton,Plankton9.xml,1,0,1,0,0,0,0,0,0,0,0,0,0,0,0,0,0,0,0,0,0,0,0,0
KMin,KMin30.xml,1,1,1,0,0,0,0,1,1,1,0,1,0,1,1,0,0,0,0,0,0,0,0,0
AnserverBot,AnserverBot132.xml,1,1,1,1,1,0,0,1,1,0,0,0,0,1,1,1,0,0,0,0,0,0,1,0
BaseBridge,BaseBridge44.xml,1,1,1,1,1,0,0,1,1,0,0,0,0,1,1,1,0,0,0,0,0,0,1,0
DroidKungFu1,DroidKungFu111.xml,1,1,1,0,0,0,0,0,1,0,1,0,0,1,1,0,0,0,0,0,0,0,0,0
AnserverBot,AnserverBot141.xml,1,1,1,1,1,0,0,1,1,0,0,0,0,1,1,1,0,0,0,0,0,0,1,0
Geinimi,Geinimi64.xml,1,0,1,0,0,0,1,1,1,0,0,0,0,1,0,1,0,0,0,0,0,0,0,0
HippoSMS,HippoSMS3.xml,1,1,0,0,1,0,0,1,1,0,0,0,0,0,1,0,0,0,0,0,0,0,0,0
AnserverBot,AnserverBot92.xml,1,1,1,1,1,0,0,1,1,0,0,0,0,1,1,1,0,0,0,0,0,0,1,0
DroidKungFu3,DroidKungFu3150.xml,1,1,1,0,1,0,0,0,0,0,1,0,0,0,0,0,0,0,0,0,0,0,0,0
BaseBridge,BaseBridge74.xml,1,1,1,0,0,0,0,0,1,0,0,0,0,0,1,1,0,0,0,0,0,0,0,0
DroidDreamLight,DroidDreamLight5.xml,1,0,1,0,1,0,0,0,0,0,0,0,0,0,0,0,0,0,0,0,0,0,0,0
DroidKungFu3,DroidKungFu3155.xml,1,1,1,0,0,0,1,0,1,1,1,0,0,0,1,0,0,0,0,0,0,0,0,0
DroidKungFu2,DroidKungFu28.xml,1,0,1,0,0,0,0,0,0,0,0,0,0,0,0,0,0,0,0,0,0,0,0,0
DroidKungFu3,DroidKungFu3232.xml,1,1,1,1,0,0,1,0,1,0,1,0,0,0,1,0,0,0,0,1,0,0,0,0
AnserverBot,AnserverBot91.xml,1,1,1,1,1,0,0,1,1,0,0,0,0,1,1,1,0,0,0,0,0,0,1,0
DroidKungFu3,DroidKungFu3240.xml,1,1,1,1,1,0,0,0,0,1,1,0,0,0,0,0,0,0,0,0,0,0,0,0
DroidKungFu3,DroidKungFu353.xml,1,1,1,0,0,0,0,0,0,1,1,0,0,0,0,0,0,0,0,0,0,0,0,0
AnserverBot,AnserverBot122.xml,1,1,1,1,1,0,0,1,1,0,0,0,0,1,1,1,0,0,0,0,0,0,1,0
Geinimi,Geinimi45.xml,1,0,1,1,0,0,1,1,1,0,0,0,0,1,1,1,0,0,0,0,0,0,1,0
AnserverBot,AnserverBot166.xml,1,1,1,1,1,0,0,1,1,0,0,0,0,1,1,1,0,0,0,0,0,0,1,0
DroidKungFu3,DroidKungFu3175.xml,1,1,1,0,1,0,1,0,1,1,1,0,0,1,0,0,0,0,0,0,0,0,0,0
DroidKungFu3,DroidKungFu37.xml,1,1,1,0,1,0,0,0,0,0,1,0,0,0,0,0,0,0,0,0,0,0,0,0
BaseBridge,BaseBridge96.xml,0,0,0,0,0,0,0,0,0,0,0,0,0,0,0,0,0,0,0,0,0,0,0,0
HippoSMS,HippoSMS4.xml,1,1,0,0,1,0,0,1,1,0,0,0,0,0,1,0,0,0,0,0,0,0,0,0
GPSSMSSpy,GPSSMSSpy4.xml,0,0,1,0,0,0,0,1,1,0,0,0,0,0,1,0,0,0,0,0,0,0,0,0
Gone60,Gone606.xml,1,0,0,0,0,0,0,0,1,0,0,0,0,0,0,0,0,0,0,0,0,0,0,0
DroidKungFu3,DroidKungFu378.xml,1,1,1,0,1,0,0,0,0,0,1,0,0,0,0,0,0,0,0,0,0,0,0,0
DroidKungFu3,DroidKungFu3106.xml,1,1,1,0,1,0,0,0,0,0,1,0,0,0,0,0,0,0,0,0,0,0,0,0
DroidKungFu4,DroidKungFu444.xml,1,1,1,0,0,0,1,0,1,0,0,0,0,0,1,0,0,0,0,0,0,0,0,0
GamblerSMS,GamblerSMS1.xml,1,0,1,1,1,0,0,1,1,0,0,0,0,0,0,0,0,0,0,0,1,0,0,0
DroidKungFu3,DroidKungFu330.xml,1,1,1,0,0,0,1,0,1,0,1,0,0,0,1,0,0,0,0,0,0,0,0,0
BaseBridge,BaseBridge5.xml,1,1,1,1,1,0,0,1,1,0,0,0,0,1,1,1,0,0,0,0,0,0,1,0
DroidKungFu3,DroidKungFu347.xml,1,1,1,0,0,0,1,0,0,1,0,0,0,0,0,0,0,0,0,0,0,0,0,0
Geinimi,Geinimi65.xml,1,1,1,0,0,0,1,1,1,1,0,0,0,1,0,1,0,0,0,0,1,0,0,0
Geinimi,Geinimi16.xml,1,0,1,0,0,0,1,1,1,0,0,0,0,1,0,1,0,0,0,0,0,0,1,0
BaseBridge,BaseBridge26.xml,1,1,1,1,1,0,0,1,1,0,0,0,0,1,1,1,0,0,0,0,0,0,1,0
DroidKungFu3,DroidKungFu3201.xml,1,1,1,0,1,0,1,0,1,0,1,0,0,0,1,0,0,0,0,0,0,0,0,0
BaseBridge,BaseBridge34.xml,1,1,1,0,0,0,0,0,1,0,0,0,0,0,1,1,0,0,0,0,0,0,0,0
KMin,KMin9.xml,1,1,1,0,0,0,0,1,1,1,0,1,0,1,1,0,0,0,0,0,0,0,0,0
SndApps,SndApps10.xml,1,0,1,0,1,1,0,0,0,0,0,1,1,0,0,0,0,0,0,0,0,0,0,0
DroidKungFu3,DroidKungFu3110.xml,1,1,1,0,1,0,1,0,1,1,1,0,0,0,1,0,0,0,0,0,0,0,0,0
DroidKungFu2,DroidKungFu218.xml,1,0,1,0,1,0,0,0,0,0,1,0,0,0,0,0,0,0,0,0,0,0,0,0
DroidDream,DroidDream2.xml,1,0,1,0,1,0,0,0,0,0,1,0,0,0,0,0,0,0,0,0,0,0,1,0
Geinimi,Geinimi47.xml,1,0,1,0,0,0,1,1,1,0,0,0,0,1,0,1,0,0,0,0,0,0,0,0
RogueSPPush,RogueSPPush4.xml,1,1,1,0,0,0,0,0,0,0,0,0,0,0,0,0,0,0,0,0,0,0,0,0
BaseBridge,BaseBridge102.xml,1,1,1,0,0,0,0,0,0,0,0,0,0,0,0,0,0,0,0,0,0,0,0,0
DroidKungFu4,DroidKungFu410.xml,1,1,1,1,0,0,1,0,1,0,0,0,0,0,1,0,0,0,0,0,0,0,0,0
AnserverBot,AnserverBot103.xml,1,1,1,1,1,0,0,1,1,0,0,0,0,1,1,1,0,0,0,0,0,0,1,0
GoldDream,GoldDream1.xml,1,1,1,0,1,0,1,0,1,0,0,0,0,1,0,0,0,0,0,0,0,0,0,0
DroidKungFu3,DroidKungFu38.xml,1,1,1,0,0,0,1,0,1,0,1,0,0,0,1,0,0,0,0,0,0,0,0,0
DroidKungFu3,DroidKungFu3249.xml,1,1,1,1,1,0,1,0,0,1,1,0,0,0,0,0,0,0,0,0,1,0,0,0
AnserverBot,AnserverBot153.xml,1,1,1,1,1,0,0,1,1,0,0,0,0,1,1,1,0,0,0,0,0,0,1,0
DroidKungFu4,DroidKungFu460.xml,1,1,1,1,0,0,1,0,1,0,0,0,0,0,1,0,0,0,0,0,0,0,0,0
GoldDream,GoldDream40.xml,1,0,0,1,1,0,0,0,1,0,0,0,0,0,0,0,0,0,0,0,0,0,0,0
AnserverBot,AnserverBot9.xml,1,1,1,1,1,0,0,1,1,0,0,0,0,1,1,1,0,0,0,0,0,0,1,0
DroidKungFu4,DroidKungFu486.xml,1,1,1,1,0,0,1,0,1,0,0,0,0,0,1,0,0,0,0,0,0,0,0,0
Geinimi,Geinimi31.xml,1,0,1,0,0,0,1,1,1,0,0,0,0,1,1,1,0,0,0,0,0,0,1,0
BaseBridge,BaseBridge72.xml,1,1,1,1,1,0,0,1,1,0,0,0,0,1,1,1,0,0,0,0,0,0,1,0
DroidDreamLight,DroidDreamLight46.xml,1,1,1,0,1,1,0,0,1,0,0,0,0,0,0,0,0,0,0,0,0,0,0,0
DroidKungFu3,DroidKungFu380.xml,1,1,1,0,1,0,0,0,0,0,1,0,0,0,0,0,0,0,0,0,0,0,0,0
BaseBridge,BaseBridge112.xml,1,1,1,0,0,0,0,0,1,0,0,0,0,0,1,1,0,0,0,0,0,0,0,0
DroidKungFu4,DroidKungFu450.xml,1,1,1,0,0,0,1,1,1,0,0,1,0,1,1,1,0,0,0,0,0,0,0,0
DroidKungFu3,DroidKungFu3188.xml,1,1,1,0,1,0,1,0,0,0,1,0,0,0,0,0,0,0,0,0,0,0,0,0
ADRD,ADRD12.xml,1,1,1,0,1,0,1,1,1,0,0,1,0,0,1,0,0,0,0,0,0,0,1,0
AnserverBot,AnserverBot67.xml,1,1,1,1,1,0,1,1,1,0,0,0,0,1,1,1,0,0,0,0,0,0,1,0
DroidKungFu1,DroidKungFu16.xml,1,1,1,1,1,0,0,0,0,0,1,0,0,0,0,0,0,0,0,0,0,0,0,0
AnserverBot,AnserverBot106.xml,1,1,1,1,1,0,0,1,1,0,0,0,0,1,1,1,0,0,0,0,0,0,1,0
DroidKungFu3,DroidKungFu359.xml,1,1,1,0,1,0,1,0,0,0,1,0,0,0,0,0,0,0,0,0,0,0,0,0
DroidKungFu1,DroidKungFu123.xml,1,1,1,1,1,0,0,0,0,0,1,0,0,0,0,0,0,0,0,0,0,0,0,0
KMin,KMin17.xml,1,1,1,0,0,0,0,1,1,1,0,1,0,1,1,0,0,0,0,0,0,0,0,0
DroidKungFu3,DroidKungFu3297.xml,1,1,1,0,1,0,1,0,0,1,1,0,0,0,0,0,0,0,0,0,0,0,0,0
DroidKungFu4,DroidKungFu487.xml,1,1,1,1,0,0,1,0,1,0,0,0,0,0,1,0,0,0,0,0,0,0,1,0
Geinimi,Geinimi9.xml,1,0,1,1,0,0,1,1,1,0,1,0,0,1,0,1,0,0,0,0,0,0,0,0
DroidKungFu4,DroidKungFu451.xml,1,1,1,1,1,0,1,0,1,0,0,0,0,0,1,0,0,0,0,0,0,0,0,0
AnserverBot,AnserverBot160.xml,1,1,1,1,1,0,0,1,1,0,0,0,0,1,1,1,0,0,0,0,0,0,1,0
Plankton,Plankton2.xml,1,0,1,0,0,0,0,0,0,0,0,0,0,0,0,0,0,0,0,0,0,0,0,0
DroidKungFu3,DroidKungFu3226.xml,1,1,1,0,1,0,0,0,0,1,1,0,0,0,0,0,0,0,0,0,0,0,0,0
DroidKungFu3,DroidKungFu3154.xml,1,1,1,0,1,0,0,0,0,1,1,0,0,0,0,0,0,0,0,0,0,0,0,0
DroidKungFu3,DroidKungFu3116.xml,1,1,1,0,1,0,1,0,0,0,1,0,0,0,0,0,0,0,0,0,0,0,0,0
BaseBridge,BaseBridge64.xml,0,0,0,0,0,0,0,0,0,0,0,0,0,0,0,0,0,0,0,0,0,0,0,0
DroidKungFu1,DroidKungFu126.xml,1,1,1,1,1,0,0,0,0,0,1,0,0,0,0,0,0,0,0,0,0,0,0,0
YZHC,YZHC17.xml,1,1,1,0,1,0,0,1,1,0,0,0,0,1,1,0,0,0,0,0,0,0,0,0
GingerMaster,GingerMaster1.xml,1,1,1,0,1,0,0,0,0,0,0,1,0,0,0,0,0,0,0,0,0,0,1,0
DroidKungFu3,DroidKungFu338.xml,1,1,1,0,1,0,0,0,0,0,1,0,0,0,0,0,0,0,0,0,0,0,0,0
GoldDream,GoldDream38.xml,1,1,1,0,1,0,1,1,1,0,0,0,0,1,0,0,0,0,0,0,0,0,0,0
DroidKungFu3,DroidKungFu345.xml,1,1,1,0,1,0,0,0,0,1,1,0,0,0,0,0,0,0,0,0,0,0,0,0
GoldDream,GoldDream3.xml,1,1,1,0,1,0,1,1,1,0,0,0,0,1,0,0,0,0,0,0,0,0,0,0
ADRD,ADRD2.xml,1,1,1,0,1,0,1,1,1,0,0,1,0,0,1,0,0,0,0,0,0,0,1,0
Pjapps,Pjapps37.xml,1,0,1,0,1,0,0,1,0,0,0,0,0,0,0,0,0,0,0,0,0,0,0,0
AnserverBot,AnserverBot159.xml,1,1,1,1,1,0,0,1,1,0,0,0,0,1,1,1,0,0,0,0,0,0,1,0
jSMSHider,jSMSHider7.xml,1,1,1,0,0,0,1,0,0,0,0,1,0,0,0,0,0,0,0,0,0,0,0,0
DroidKungFu3,DroidKungFu3287.xml,1,1,1,0,0,0,0,0,0,0,1,0,0,0,0,0,0,0,0,0,0,0,0,0
Geinimi,Geinimi62.xml,1,0,1,0,1,0,0,1,0,0,0,0,0,1,0,1,0,0,0,0,0,0,0,0
DroidKungFu4,DroidKungFu424.xml,1,1,1,1,0,0,1,0,1,0,0,0,0,0,1,0,0,0,0,0,0,0,0,0
AnserverBot,AnserverBot47.xml,1,1,1,1,1,0,0,1,1,0,0,0,0,1,1,1,0,0,0,0,0,0,1,0
GoldDream,GoldDream25.xml,1,1,0,1,1,0,0,0,1,0,0,0,0,0,0,0,0,0,0,0,0,0,0,0
AnserverBot,AnserverBot95.xml,1,1,1,1,1,0,0,1,1,0,0,0,0,1,1,1,0,0,0,0,0,0,1,0
KMin,KMin42.xml,1,1,1,0,0,0,0,1,1,0,0,0,0,0,1,0,0,0,0,0,0,0,0,0
BaseBridge,BaseBridge76.xml,1,1,1,0,0,0,0,0,1,0,0,0,0,0,1,1,0,0,0,0,0,0,0,0
AnserverBot,AnserverBot163.xml,1,1,1,1,1,0,0,1,1,0,0,0,0,1,1,1,0,0,0,0,0,0,1,0
GoldDream,GoldDream4.xml,1,1,1,0,1,0,1,1,1,0,0,0,0,1,0,0,0,0,0,0,0,0,0,0
jSMSHider,jSMSHider13.xml,1,1,1,0,0,0,1,0,1,0,0,0,0,0,0,0,0,0,0,0,0,0,0,0
AnserverBot,AnserverBot7.xml,1,1,1,1,1,0,0,1,1,0,0,0,0,1,1,1,0,0,0,0,0,0,1,0
AnserverBot,AnserverBot115.xml,1,1,1,1,1,0,0,1,1,0,0,0,0,1,1,1,0,0,0,0,1,0,1,0
DroidKungFu4,DroidKungFu414.xml,1,1,1,1,0,0,1,0,1,0,0,0,0,0,1,0,0,0,0,0,0,0,0,0
Geinimi,Geinimi49.xml,1,0,1,0,0,0,1,1,1,0,0,0,0,1,1,1,0,0,0,0,0,0,1,0
DroidKungFu3,DroidKungFu3183.xml,1,1,1,0,1,0,0,0,0,0,1,0,0,0,0,0,0,0,0,0,0,0,0,0
DroidKungFu4,DroidKungFu454.xml,1,1,1,1,0,0,1,0,1,0,0,0,0,0,1,0,0,0,0,0,0,0,0,0
DroidKungFu2,DroidKungFu217.xml,1,0,1,0,0,0,0,0,0,0,0,0,0,0,0,0,0,0,0,0,0,0,0,0
Pjapps,Pjapps51.xml,1,0,1,0,0,0,0,1,0,0,0,0,0,0,0,0,0,0,0,0,0,0,0,0
DroidKungFu3,DroidKungFu3228.xml,1,1,1,1,0,0,1,0,1,0,1,0,0,0,1,0,0,0,0,1,0,0,0,0
DroidKungFu4,DroidKungFu491.xml,1,1,1,1,0,0,1,0,1,0,0,0,0,0,1,0,0,0,0,0,0,0,0,0
GoldDream,GoldDream13.xml,1,1,1,0,1,0,1,1,1,0,0,0,0,1,0,0,0,0,0,0,0,0,0,0
DroidKungFu3,DroidKungFu3269.xml,1,1,1,0,0,0,1,0,1,1,1,0,0,0,1,0,0,0,0,0,0,0,0,0
FakePlayer,FakePlayer6.xml,0,0,0,0,0,0,0,1,0,0,0,0,0,0,0,0,0,0,0,0,0,0,0,0
Geinimi,Geinimi13.xml,1,0,1,0,0,0,1,1,1,0,0,0,0,1,0,1,0,0,0,0,0,0,1,0
KMin,KMin32.xml,1,1,1,0,0,0,0,1,1,1,0,1,0,1,1,0,0,0,0,0,0,0,0,0
Zsone,Zsone3.xml,1,0,0,0,0,0,1,1,0,0,0,0,0,0,0,0,0,0,0,0,0,0,1,0
DroidKungFu4,DroidKungFu441.xml,1,1,1,0,0,0,1,0,1,0,0,0,0,0,1,0,0,0,0,0,0,0,0,0
GoldDream,GoldDream14.xml,1,1,1,0,1,0,1,1,1,0,0,0,0,1,0,0,0,0,0,0,0,0,0,0
YZHC,YZHC10.xml,1,1,1,0,1,0,0,1,1,0,0,0,0,1,1,0,0,0,0,0,0,0,1,0
BaseBridge,BaseBridge121.xml,1,1,1,1,1,0,0,1,1,0,0,0,0,1,1,1,0,0,0,0,0,0,1,0
KMin,KMin16.xml,1,1,1,0,0,0,0,1,1,1,0,1,0,1,1,0,0,0,0,0,0,0,0,0
AnserverBot,AnserverBot131.xml,1,1,1,1,1,0,0,1,1,0,0,0,0,1,1,1,0,0,0,0,0,0,1,0
YZHC,YZHC9.xml,1,1,1,0,1,0,0,1,1,0,0,0,0,1,1,0,0,0,0,0,0,0,1,0
DroidKungFu3,DroidKungFu3239.xml,1,1,1,0,1,0,1,0,0,1,1,0,0,0,0,0,0,0,0,0,0,0,0,0
BaseBridge,BaseBridge99.xml,1,1,1,0,0,0,0,0,1,0,0,0,0,0,1,1,0,0,0,0,0,0,0,0
Zsone,Zsone10.xml,1,0,0,0,0,0,1,1,0,0,0,0,0,0,0,0,0,0,0,0,0,0,1,0
Geinimi,Geinimi2.xml,1,0,1,0,0,0,1,1,1,0,0,0,0,1,0,1,0,0,0,0,0,0,0,0
DroidKungFu1,DroidKungFu15.xml,1,1,1,0,1,0,0,0,0,0,1,0,0,0,0,0,0,0,0,0,0,0,0,0
DroidKungFu3,DroidKungFu39.xml,1,1,1,0,1,0,0,0,0,0,1,0,0,0,0,0,0,0,0,0,0,0,0,0
DroidKungFu3,DroidKungFu3101.xml,1,1,1,0,1,0,0,0,0,0,1,0,0,0,0,0,0,0,0,0,0,0,0,0
AnserverBot,AnserverBot182.xml,1,1,1,1,1,0,0,1,1,0,0,0,0,1,1,1,0,0,0,0,0,0,1,0
DroidDreamLight,DroidDreamLight14.xml,1,1,1,0,1,1,0,0,1,0,1,1,0,0,0,0,0,0,0,1,0,1,0,0
BaseBridge,BaseBridge87.xml,1,1,1,0,0,0,0,0,1,0,0,0,0,0,1,1,0,0,0,0,0,0,0,0
DroidKungFu3,DroidKungFu3157.xml,1,1,1,0,1,0,0,0,0,0,1,0,0,0,0,0,0,0,0,0,0,0,0,0
BaseBridge,BaseBridge35.xml,1,1,1,1,1,0,0,1,1,0,0,0,0,1,1,1,0,0,0,0,0,0,1,0
HippoSMS,HippoSMS1.xml,1,1,0,0,1,0,0,1,1,0,0,0,0,0,1,0,0,0,0,0,0,0,0,0
DroidDream,DroidDream13.xml,1,1,1,0,1,0,0,0,0,0,1,0,0,0,0,0,0,0,0,0,0,0,1,0
KMin,KMin29.xml,1,1,1,0,0,0,0,1,1,1,0,1,0,1,1,0,0,0,0,0,0,0,0,0
DroidKungFu1,DroidKungFu131.xml,1,1,1,0,0,0,0,0,0,0,1,0,0,0,0,0,0,0,0,0,0,0,0,0
GoldDream,GoldDream30.xml,1,1,1,0,1,0,1,1,1,0,0,0,0,1,0,0,0,0,0,0,0,0,0,0
DroidKungFu3,DroidKungFu3210.xml,1,1,1,0,1,0,1,0,1,0,1,0,0,0,1,0,0,0,0,0,0,0,0,0
DroidKungFu4,DroidKungFu42.xml,1,1,1,0,0,0,1,0,1,0,0,0,0,0,1,0,0,0,0,0,0,0,1,0
BaseBridge,BaseBridge23.xml,1,1,1,1,1,0,0,1,1,0,0,0,0,1,1,1,0,0,0,0,0,0,1,0
DroidDream,DroidDream4.xml,1,0,1,0,0,0,0,0,0,0,1,0,0,0,0,0,0,0,0,0,0,0,0,0
AnserverBot,AnserverBot29.xml,1,1,1,1,1,0,0,1,1,0,0,0,0,1,1,1,0,0,0,0,0,0,1,0
DroidKungFu4,DroidKungFu429.xml,1,1,1,1,0,0,1,0,1,0,0,0,0,0,1,0,0,0,0,0,0,0,1,0
AnserverBot,AnserverBot143.xml,1,1,1,1,1,0,0,1,1,0,0,0,0,1,1,1,0,0,0,0,0,0,1,0
DroidKungFu4,DroidKungFu461.xml,1,1,1,0,0,0,1,0,1,0,0,0,0,0,1,0,0,0,0,0,0,0,0,0
BaseBridge,BaseBridge41.xml,1,1,1,0,1,0,1,1,1,0,0,0,0,0,1,0,0,0,0,0,0,0,0,0
DroidDreamLight,DroidDreamLight29.xml,1,1,1,0,1,1,0,0,1,1,0,0,0,0,0,0,0,0,0,0,0,0,1,0
DroidKungFu3,DroidKungFu367.xml,1,1,1,1,1,0,0,0,0,0,1,0,0,0,0,0,0,0,0,0,0,0,0,0
Gone60,Gone605.xml,1,0,0,0,0,0,0,0,1,0,0,0,0,0,0,0,0,0,0,0,0,0,0,0
YZHC,YZHC6.xml,1,1,1,0,1,0,0,1,1,0,0,0,0,1,1,0,0,0,0,0,0,0,0,0
AnserverBot,AnserverBot152.xml,1,1,1,1,1,0,0,1,1,0,0,0,0,1,1,1,0,0,0,0,0,0,1,0
DroidKungFu3,DroidKungFu3246.xml,1,1,1,0,1,0,1,0,0,1,1,0,0,0,0,0,0,0,0,0,0,0,0,0
Pjapps,Pjapps12.xml,1,1,1,0,1,0,1,1,0,0,0,0,0,0,0,0,0,0,0,0,0,0,0,0
zHash,zHash9.xml,1,1,1,1,1,0,0,1,1,1,1,0,0,1,1,0,0,0,0,1,0,0,0,0
ADRD,ADRD10.xml,1,1,1,1,1,0,1,0,0,0,0,0,1,0,0,0,0,0,0,0,0,0,1,0
GoldDream,GoldDream47.xml,1,1,1,1,1,0,1,0,1,0,0,0,0,0,0,0,0,0,0,0,0,0,0,0
YZHC,YZHC8.xml,1,1,1,0,1,0,0,1,1,0,0,0,0,1,1,0,0,0,0,0,0,0,1,0
DroidKungFu3,DroidKungFu394.xml,1,1,1,0,0,0,1,0,1,1,1,0,0,0,1,0,0,0,0,0,0,0,0,0
DroidKungFu3,DroidKungFu374.xml,1,1,1,1,1,0,1,0,0,1,1,0,0,0,0,0,0,0,0,0,1,0,0,0
DroidKungFu3,DroidKungFu355.xml,1,1,1,0,1,0,1,0,1,1,1,0,0,0,1,0,0,0,0,0,0,0,0,0
AnserverBot,AnserverBot15.xml,1,1,1,1,1,0,0,1,1,0,0,0,0,1,1,1,0,0,0,0,0,0,1,0
DroidKungFu2,DroidKungFu27.xml,1,0,1,0,0,0,0,0,0,0,0,0,0,0,0,0,0,0,0,0,0,0,0,0
DroidKungFu3,DroidKungFu3216.xml,1,1,1,0,1,0,0,0,0,0,1,0,0,0,0,0,0,0,0,0,0,0,0,0
GPSSMSSpy,GPSSMSSpy2.xml,0,0,0,0,0,0,0,1,0,0,0,0,0,0,0,0,0,0,0,0,0,0,0,0
AnserverBot,AnserverBot136.xml,1,1,1,1,1,0,0,1,1,0,0,0,0,1,1,1,0,0,0,0,0,0,1,0
DroidDream,DroidDream15.xml,1,0,1,0,0,0,0,0,0,0,1,0,0,0,0,0,0,0,0,0,0,0,0,0
DroidKungFu4,DroidKungFu446.xml,1,1,1,1,0,0,1,0,1,0,0,0,0,0,1,0,0,0,0,0,0,0,0,0
zHash,zHash2.xml,1,1,1,0,0,0,0,1,1,1,1,0,0,1,1,0,0,0,0,1,0,0,0,0
BaseBridge,BaseBridge32.xml,1,1,1,0,0,0,0,0,1,0,0,0,0,0,1,1,0,0,0,0,0,0,0,0
Bgserv,Bgserv2.xml,1,1,1,1,1,0,1,1,0,0,0,0,0,0,0,0,0,0,0,1,0,0,0,0
jSMSHider,jSMSHider3.xml,1,1,1,0,0,0,1,0,0,0,0,1,0,0,0,0,0,0,0,0,0,0,0,0
Geinimi,Geinimi55.xml,1,1,1,0,0,0,1,1,1,0,0,0,0,1,0,1,0,0,0,0,0,0,0,0
DroidKungFu4,DroidKungFu428.xml,1,1,1,0,0,0,1,0,1,0,0,0,0,0,1,0,0,0,0,0,0,0,0,0
CruseWin,CruseWin1.xml,1,0,1,0,0,0,0,1,1,0,0,0,0,0,1,0,0,0,0,0,0,0,0,0
Pjapps,Pjapps48.xml,1,0,1,1,0,0,1,1,0,0,0,0,1,0,0,0,0,0,0,0,0,0,0,0
DroidKungFu3,DroidKungFu3161.xml,1,1,1,0,1,0,1,0,0,1,1,0,0,0,0,0,0,0,0,0,0,0,0,0
Pjapps,Pjapps19.xml,1,0,1,0,0,0,1,1,0,0,0,0,0,0,0,0,0,0,0,0,0,0,0,0
Geinimi,Geinimi8.xml,1,0,1,0,0,0,1,1,1,0,0,0,0,1,0,1,0,0,0,0,0,0,0,0
Geinimi,Geinimi11.xml,1,0,1,0,0,0,1,1,1,0,0,0,0,1,0,1,0,0,0,0,0,0,0,0
DroidKungFu4,DroidKungFu41.xml,1,1,1,0,0,0,1,0,1,0,0,0,0,0,1,0,0,0,0,0,0,0,0,0
DroidKungFu4,DroidKungFu48.xml,0,0,1,1,0,0,0,0,0,1,0,0,0,0,0,0,0,0,0,0,0,0,0,0
Pjapps,Pjapps39.xml,1,0,1,0,0,0,0,1,0,0,0,0,0,0,0,0,0,0,0,0,0,0,0,0
DroidKungFu4,DroidKungFu452.xml,1,1,1,0,0,0,1,0,1,0,0,0,0,0,1,0,0,0,0,0,0,0,0,0
DroidDreamLight,DroidDreamLight17.xml,1,1,1,0,1,1,0,0,1,0,0,0,0,0,0,0,0,0,0,0,0,0,0,0
GoldDream,GoldDream11.xml,1,1,1,0,1,0,1,1,1,0,0,0,0,1,0,0,0,0,0,0,0,0,0,0
DroidKungFu2,DroidKungFu220.xml,1,0,1,0,0,0,0,0,0,0,0,0,0,0,0,0,0,0,0,0,0,0,0,0
DroidKungFu2,DroidKungFu223.xml,1,0,1,0,1,0,0,0,0,0,1,0,0,0,0,0,0,0,0,0,0,0,0,0
AnserverBot,AnserverBot102.xml,1,1,1,1,1,0,0,1,1,0,0,0,0,1,1,1,0,0,0,0,0,0,1,0
KMin,KMin23.xml,1,1,1,0,0,0,0,1,1,1,0,1,0,1,1,0,0,0,0,0,0,0,0,0
DroidDreamLight,DroidDreamLight15.xml,1,1,1,0,1,1,0,0,1,0,0,0,0,0,1,1,0,0,0,0,0,0,0,0
AnserverBot,AnserverBot112.xml,1,1,1,1,1,0,0,1,1,0,0,0,0,1,1,1,0,0,0,0,0,0,1,0
DroidKungFu3,DroidKungFu3275.xml,1,1,1,0,1,0,1,0,1,0,1,0,0,0,1,0,0,0,0,0,0,0,0,0
DroidKungFu2,DroidKungFu29.xml,1,1,1,0,0,0,0,0,0,0,1,0,0,0,0,0,0,0,0,0,0,0,0,0
BaseBridge,BaseBridge48.xml,1,1,1,1,1,0,0,1,1,0,0,0,0,1,1,1,0,0,0,0,0,0,1,0
Geinimi,Geinimi34.xml,1,0,1,1,0,0,1,1,1,0,0,0,0,1,0,1,0,0,0,0,1,0,0,0
ADRD,ADRD13.xml,1,1,1,0,1,0,0,0,0,0,0,0,1,0,0,0,0,0,0,0,0,0,0,0
Gone60,Gone609.xml,1,0,0,0,0,0,0,0,1,0,1,0,0,0,0,0,0,0,0,0,0,0,0,0
AnserverBot,AnserverBot82.xml,1,1,1,1,1,0,0,1,1,0,0,0,0,1,1,1,0,0,0,0,0,0,1,0
zHash,zHash7.xml,1,1,1,1,1,0,0,1,1,1,1,0,0,1,1,0,0,0,0,1,0,0,0,0
AnserverBot,AnserverBot83.xml,1,1,1,1,1,0,0,1,1,0,0,0,0,1,1,1,0,0,0,0,0,0,1,0
DroidKungFu3,DroidKungFu3139.xml,1,1,1,0,1,0,0,0,0,0,1,0,0,0,0,0,0,0,0,0,0,0,0,0
DroidKungFu3,DroidKungFu3302.xml,1,1,1,0,1,0,1,0,1,0,1,0,0,0,1,0,0,0,0,0,0,0,0,0
DroidKungFu3,DroidKungFu3299.xml,1,1,1,0,1,0,0,0,0,0,1,0,0,0,0,0,0,0,0,0,0,0,0,0
BaseBridge,BaseBridge8.xml,1,1,1,1,1,0,0,1,1,0,0,0,0,1,1,1,0,0,0,0,0,0,1,0
BaseBridge,BaseBridge59.xml,1,1,1,1,1,0,0,1,1,0,0,0,0,1,1,1,0,0,0,0,0,0,1,0
DroidKungFu3,DroidKungFu3274.xml,1,1,1,0,0,0,1,0,1,0,1,0,0,0,1,0,0,0,0,0,0,0,0,0
BaseBridge,BaseBridge27.xml,1,1,1,1,1,0,0,1,1,0,0,0,0,1,1,1,0,0,0,0,0,0,1,0
DroidKungFu4,DroidKungFu475.xml,1,1,1,1,0,0,1,0,1,0,0,0,0,0,1,0,0,0,0,0,0,0,0,0
AnserverBot,AnserverBot53.xml,1,1,1,1,1,0,0,1,1,0,0,0,0,1,1,1,0,0,0,0,0,0,1,0
YZHC,YZHC21.xml,1,1,1,0,1,0,0,1,1,0,0,0,0,1,1,0,0,0,0,0,0,0,1,0
DroidKungFu4,DroidKungFu479.xml,1,1,1,0,0,0,1,0,1,0,0,0,0,0,1,0,0,0,0,0,0,0,0,0
DroidKungFu3,DroidKungFu3289.xml,1,1,1,0,1,0,0,0,0,0,1,0,0,0,0,0,0,0,0,0,0,0,0,0
DroidDreamLight,DroidDreamLight16.xml,1,1,1,0,0,0,0,0,0,0,0,0,0,0,0,0,0,0,0,0,0,0,0,0
GoldDream,GoldDream41.xml,1,1,1,1,1,0,0,0,1,0,0,0,0,0,0,0,0,0,0,0,0,0,0,0
DroidKungFu3,DroidKungFu387.xml,1,1,1,0,0,0,1,0,1,1,1,0,0,0,1,0,0,0,0,0,0,0,0,0
DroidKungFu2,DroidKungFu214.xml,1,0,1,0,0,0,0,0,0,0,0,0,0,0,0,0,0,0,0,0,0,0,0,0
DroidKungFu4,DroidKungFu442.xml,1,1,1,0,0,0,1,0,1,0,0,0,0,0,1,0,0,0,0,0,0,0,0,0
DroidKungFu3,DroidKungFu3199.xml,1,1,1,0,1,0,0,0,0,0,1,0,0,0,0,0,0,0,0,0,0,0,0,0
Pjapps,Pjapps47.xml,1,0,1,0,0,0,0,1,0,0,0,0,0,0,0,0,0,0,0,0,0,0,0,0
BaseBridge,BaseBridge30.xml,1,1,1,1,1,0,0,1,1,0,0,0,0,1,1,1,0,0,0,0,0,0,1,0
GoldDream,GoldDream2.xml,1,1,1,0,1,0,1,0,1,0,0,0,0,0,0,0,0,0,0,0,0,0,0,0
Geinimi,Geinimi53.xml,1,0,1,0,0,0,1,1,1,0,0,0,0,1,0,1,0,0,0,0,0,0,0,0
KMin,KMin5.xml,1,1,1,0,0,0,0,1,1,1,0,0,0,0,1,0,0,0,0,0,0,0,0,0
DroidKungFu3,DroidKungFu398.xml,1,1,1,0,0,0,1,0,1,0,1,0,0,0,1,0,0,0,0,0,0,0,0,0
DroidKungFu1,DroidKungFu122.xml,1,1,1,0,0,0,0,0,0,0,1,0,0,0,0,0,0,0,0,0,0,0,0,0
DroidDreamLight,DroidDreamLight42.xml,1,1,1,0,1,1,0,0,1,1,0,0,0,0,0,0,0,0,0,0,0,0,1,0
BaseBridge,BaseBridge60.xml,1,1,1,0,0,0,0,1,1,0,0,0,0,0,1,1,0,0,0,0,1,0,0,0
BaseBridge,BaseBridge107.xml,1,0,0,0,0,0,0,0,0,0,0,0,0,0,0,0,0,0,0,0,0,0,0,0
DroidKungFu3,DroidKungFu3192.xml,1,1,1,1,1,0,0,0,0,1,1,0,0,0,0,0,0,0,0,0,0,0,0,0
DroidKungFu4,DroidKungFu472.xml,1,1,1,0,0,0,1,0,1,0,0,0,0,0,1,0,0,0,0,0,0,0,0,0
BaseBridge,BaseBridge37.xml,0,0,0,0,0,0,0,0,0,0,0,0,0,0,0,0,0,0,0,0,0,0,0,0
BaseBridge,BaseBridge17.xml,1,1,1,0,0,0,0,0,0,1,0,0,0,0,0,0,0,0,0,0,0,0,0,0
Pjapps,Pjapps5.xml,1,1,1,1,1,0,1,1,1,0,0,1,0,0,1,1,0,0,0,1,0,0,1,0
Pjapps,Pjapps54.xml,1,1,1,1,1,0,1,1,1,0,0,1,0,0,1,1,0,0,0,1,0,0,1,0
AnserverBot,AnserverBot170.xml,1,1,1,1,1,0,0,1,1,0,0,0,0,1,1,1,0,0,0,0,0,0,1,0
DroidCoupon,DroidCoupon1.xml,1,1,1,0,0,0,0,0,0,0,0,0,0,0,0,0,0,0,0,0,0,0,0,0
GoldDream,GoldDream20.xml,1,1,1,0,1,0,0,0,1,0,0,0,0,0,0,0,0,0,0,0,0,0,0,0
Asroot,Asroot2.xml,1,1,1,1,1,0,0,0,0,0,0,0,0,0,0,0,0,0,0,0,0,0,0,0
GoldDream,GoldDream16.xml,1,0,1,0,1,0,1,0,1,0,0,0,0,0,0,0,0,0,0,0,0,0,0,0
DroidKungFu3,DroidKungFu3130.xml,1,1,1,0,0,0,1,0,1,0,1,0,0,0,1,0,0,0,0,0,0,0,0,0
DroidKungFu4,DroidKungFu436.xml,1,1,1,0,0,0,1,0,1,0,0,0,0,0,1,0,0,0,0,0,0,0,0,0
Pjapps,Pjapps25.xml,1,0,1,0,0,0,0,1,0,0,0,0,0,0,0,0,0,0,0,0,1,0,0,0
Geinimi,Geinimi52.xml,1,0,1,0,1,0,0,1,0,0,0,0,0,1,0,1,0,0,0,0,0,0,0,0
DroidKungFu3,DroidKungFu3196.xml,1,1,1,0,1,0,0,0,0,0,1,0,0,0,0,0,0,0,0,0,0,0,0,0
DroidDream,DroidDream11.xml,1,1,1,0,0,0,0,0,0,0,1,0,0,0,0,0,0,0,0,0,0,0,0,0
DroidKungFu3,DroidKungFu3191.xml,1,1,1,0,1,0,0,0,0,0,1,0,0,0,0,0,0,0,0,0,0,0,0,0
DroidKungFu1,DroidKungFu133.xml,1,1,1,0,0,0,0,0,0,0,1,0,0,0,0,0,0,0,0,0,0,0,0,0
AnserverBot,AnserverBot111.xml,1,1,1,1,1,0,0,1,1,0,0,0,0,1,1,1,0,0,0,0,0,0,1,0
BaseBridge,BaseBridge82.xml,0,0,0,0,0,0,0,0,0,0,0,0,0,0,0,0,0,0,0,0,0,0,0,0
KMin,KMin18.xml,1,1,1,0,0,0,0,1,1,1,0,1,0,1,1,0,0,0,0,0,0,0,0,0
Pjapps,Pjapps23.xml,1,0,1,0,0,0,0,1,0,0,0,0,0,0,0,0,0,0,0,0,0,0,0,0
BaseBridge,BaseBridge55.xml,0,0,0,1,0,0,0,0,0,0,0,0,0,0,0,0,0,0,0,0,0,0,0,0
BaseBridge,BaseBridge2.xml,1,1,1,1,1,0,0,1,1,0,0,0,0,1,1,1,0,0,0,0,0,0,1,0
